InvoiceLineID,InvoiceID,StockItemID,Quantity,UnitPrice,TaxRate,TaxAmount,LineProfit,ExtendedPrice,ResellerID,SalespersonPersonID,InvoiceDate,SalesAmount
1,19355,905,60,238.74,15,41.09,563.7,3675.44,432,501,2023-05-27,4867.12
2,13210,162,83,305.86,12,9.92,163.17,468.44,12,836,2023-06-08,4756.47
3,16246,565,69,82.68,15,96.79,603.55,3005.08,5,897,2023-08-16,7982.11
4,12023,355,68,470.72,12,62.98,931.55,3487.02,344,660,2023-05-03,3261.68
5,18667,679,57,413.95,12,21.36,705.19,2664.23,240,762,2023-10-01,3675.9
6,17121,483,97,125.37,10,19.39,252.13,1865.13,297,957,2023-04-25,3545.35
7,15051,183,94,293.61,10,58.61,811.72,2416.26,196,354,2023-04-21,8239.29
8,13157,297,44,269.26,10,40.18,910.28,1082.07,207,691,2023-01-28,4998.19
9,14425,666,89,460.0,10,75.88,721.85,4365.32,466,84,2023-11-22,2661.8
10,11470,390,50,57.76,10,33.3,450.6,4460.17,51,165,2023-05-12,6494.07
11,10762,64,25,245.4,12,68.15,352.2,4741.92,382,336,2023-10-11,7768.54
12,18288,70,9,464.38,18,59.87,290.44,549.73,17,880,2023-07-25,4951.39
13,18434,357,3,358.96,5,68.59,550.48,505.55,169,771,2023-08-13,3336.98
14,11876,371,7,33.63,10,48.67,360.6,4798.16,71,848,2023-01-31,9262.04
15,15200,424,96,94.42,5,57.79,443.84,1964.58,178,326,2023-04-23,3401.07
16,18892,15,78,368.96,15,75.44,224.1,2994.73,303,724,2023-12-09,7439.46
17,18239,204,66,352.49,5,41.32,162.95,4852.49,297,903,2023-11-06,6752.13
18,19390,698,76,258.97,18,80.12,662.81,1624.45,33,274,2023-07-27,3484.05
19,18351,25,83,265.56,5,94.53,984.49,2941.96,363,437,2023-01-06,6478.62
20,14616,316,42,156.28,5,43.98,442.01,3764.49,411,376,2023-10-13,2429.47
21,14487,385,79,261.08,15,20.07,730.14,542.69,436,849,2023-05-11,996.18
22,13771,797,33,373.68,5,22.01,549.43,986.93,366,508,2023-06-27,8169.65
23,13721,829,36,299.59,18,34.06,561.39,3780.88,402,527,2023-02-09,5484.2
24,15283,750,85,139.03,12,73.38,841.0,3642.02,155,862,2023-05-04,3306.34
25,12538,750,22,82.69,12,76.05,343.39,455.39,491,96,2023-02-04,8000.26
26,19574,48,53,272.6,5,90.64,349.93,1176.22,305,31,2023-12-19,9630.94
27,10755,750,11,226.65,12,87.59,82.12,2905.99,494,137,2023-02-03,5586.28
28,18921,25,44,318.55,12,34.19,494.67,1377.19,479,75,2023-05-20,5761.89
29,19453,357,77,314.81,18,81.3,834.71,3454.19,306,690,2023-02-25,3939.17
30,14445,948,63,225.84,18,15.79,589.48,4292.15,291,982,2023-03-22,1759.63
31,17345,300,68,147.0,18,56.36,185.69,3965.26,164,131,2023-07-05,1858.92
32,18414,511,39,385.85,12,25.47,123.49,1132.14,229,53,2023-11-10,964.33
33,10936,551,22,173.48,5,41.07,586.27,3066.65,132,271,2023-08-17,8466.71
34,12914,359,52,50.85,5,22.98,241.97,1476.43,368,237,2023-06-02,2554.25
35,19015,487,43,289.85,12,32.25,419.35,1168.87,403,608,2023-09-09,6588.09
36,10258,590,81,20.07,18,32.74,181.95,4498.64,108,823,2023-06-16,3230.86
37,10604,133,11,164.38,15,15.17,624.47,4588.52,84,287,2023-02-11,4581.41
38,13148,501,37,111.14,12,25.21,537.98,4962.86,483,539,2023-11-21,5704.58
39,18496,125,4,452.51,18,9.83,871.64,2714.35,230,394,2023-05-25,6183.38
40,17244,155,99,192.69,18,40.53,858.41,2940.12,237,934,2023-11-22,6597.94
41,13172,299,17,98.42,18,44.14,321.0,2559.59,407,67,2023-02-25,8072.31
42,14360,970,83,329.02,5,4.98,110.89,2288.17,382,565,2023-01-23,262.34
43,13892,344,43,46.09,12,34.67,166.34,117.88,400,750,2023-02-19,1709.68
44,13159,164,73,223.29,15,20.79,612.71,1594.86,117,701,2023-12-30,7722.7
45,17566,273,56,185.05,18,23.58,67.94,1412.78,475,461,2023-09-29,7134.25
46,10907,401,51,453.99,10,35.06,214.7,742.94,111,814,2023-01-13,5299.04
47,12016,236,88,30.02,10,42.84,914.81,551.58,68,34,2023-07-13,5864.03
48,11819,727,67,418.9,18,66.91,78.54,1855.9,405,580,2023-05-10,5181.32
49,11377,145,6,359.21,12,56.14,829.66,3761.05,214,640,2023-09-23,4187.62
50,15612,470,97,156.65,10,81.22,688.09,455.59,19,334,2023-12-26,4908.64
51,16295,918,59,228.71,10,66.05,77.44,4169.63,13,145,2023-02-07,5393.44
52,16552,853,2,381.53,12,77.92,988.11,1980.18,466,814,2023-10-08,8131.92
53,11637,907,55,246.71,5,16.89,326.45,4757.63,198,128,2023-02-18,3462.41
54,13711,497,52,442.71,18,62.67,642.18,4204.46,3,933,2023-01-07,9019.53
55,12493,857,9,82.44,15,65.91,101.59,156.63,82,522,2023-01-06,4790.07
56,15726,608,80,251.55,12,15.8,940.23,4608.08,64,803,2023-05-17,3164.39
57,11915,665,69,83.91,10,85.56,243.55,4475.99,107,42,2023-01-09,1871.03
58,11232,740,10,187.02,5,40.11,697.98,4826.15,73,763,2023-06-11,9321.83
59,17265,861,15,334.18,15,18.56,735.71,1857.98,368,430,2023-06-17,555.84
60,13498,152,84,495.05,12,38.41,584.17,3161.81,412,477,2023-02-26,7575.86
61,17999,914,98,250.74,12,8.29,595.9,4182.47,50,683,2023-06-22,3760.2
62,16337,149,33,357.14,5,23.31,550.03,3539.59,417,160,2023-05-19,4870.17
63,12870,436,1,465.67,15,16.34,76.02,1583.12,31,145,2023-12-27,2362.35
64,16918,256,71,391.34,12,77.29,740.47,897.38,227,8,2023-07-21,8297.31
65,12303,359,88,487.8,12,38.03,543.84,3344.92,323,328,2023-04-01,9229.66
66,10094,388,19,372.24,5,9.19,792.62,2624.5,357,205,2023-08-06,5060.97
67,13436,833,18,112.95,12,96.33,763.6,3368.07,414,808,2023-12-03,8685.88
68,16917,629,62,80.74,12,56.28,681.18,646.49,149,210,2023-06-12,339.83
69,16409,230,20,35.58,10,75.84,83.73,217.95,401,873,2023-12-29,9777.2
70,10226,803,67,306.93,12,17.4,924.29,4438.67,263,689,2023-06-15,7938.97
71,12735,446,51,457.32,18,74.97,315.69,1961.39,50,686,2023-07-19,1438.68
72,13798,170,14,170.46,18,51.34,783.32,1316.67,281,630,2023-12-04,4464.87
73,10421,110,64,101.42,18,79.05,332.7,833.87,452,270,2023-04-05,9067.12
74,10032,545,16,187.72,15,97.25,739.24,1746.48,189,155,2023-04-04,4041.25
75,18112,208,22,439.59,18,29.54,836.48,3367.13,392,979,2023-02-11,3465.67
76,15326,219,43,446.49,10,55.72,86.08,3524.85,265,431,2023-06-07,9003.01
77,19922,228,6,102.9,12,8.64,479.18,3817.94,115,698,2023-07-29,5685.09
78,14979,988,50,23.13,5,61.72,595.87,4903.28,253,271,2023-11-26,4338.83
79,13924,520,23,91.1,5,87.53,162.08,3078.27,72,291,2023-05-15,6071.4
80,19023,7,19,435.63,5,75.72,149.37,1964.95,367,850,2023-05-11,8374.37
81,18050,346,70,494.73,10,33.72,945.4,3024.69,239,181,2023-06-04,8858.26
82,18156,339,93,65.34,5,56.23,395.24,1402.71,456,429,2023-04-27,4281.51
83,19196,399,9,177.64,15,66.86,844.74,3150.87,325,936,2023-04-11,2635.5
84,19025,498,92,326.53,15,53.75,497.36,1250.77,290,280,2023-03-18,2476.42
85,14910,622,74,466.4,10,68.58,516.69,2858.1,422,718,2023-03-09,1605.53
86,12689,916,65,164.6,18,13.08,608.27,255.05,237,617,2023-08-17,3439.64
87,11495,282,17,423.08,15,74.58,142.35,412.72,473,972,2023-05-02,5151.16
88,12947,334,39,458.61,15,30.4,452.28,478.09,219,927,2023-03-18,4684.39
89,18474,72,22,95.75,18,4.44,776.51,863.22,424,980,2023-05-24,6304.28
90,19095,883,13,393.55,15,48.6,378.25,2615.81,31,884,2023-09-16,1229.49
91,17462,723,86,427.37,10,92.0,273.46,227.04,471,437,2023-08-26,4702.32
92,11890,605,35,200.86,5,29.34,981.16,3155.09,285,19,2023-07-09,967.77
93,16014,366,48,454.94,12,6.69,380.58,4489.07,479,701,2023-10-07,6126.63
94,15101,258,82,185.47,12,61.87,243.71,1583.99,251,959,2023-07-22,5033.22
95,13350,789,77,122.46,10,47.56,81.09,806.18,450,543,2023-11-26,1173.04
96,12319,41,68,12.33,15,87.29,484.78,3052.47,74,437,2023-05-13,3470.98
97,18799,967,70,340.92,18,75.1,724.07,3853.9,144,150,2023-02-10,5393.25
98,16422,185,46,189.77,15,84.95,749.26,948.14,363,491,2023-01-17,4728.24
99,14831,353,86,410.54,12,72.83,408.1,3184.15,81,444,2024-01-01,4252.71
100,11058,706,87,315.6,18,99.12,311.49,2297.47,397,161,2023-08-02,4809.34
101,11484,61,72,354.58,18,57.87,506.21,2093.58,267,718,2023-08-22,8269.82
102,18491,878,6,120.67,10,89.39,304.88,4705.47,10,314,2023-08-04,2224.73
103,17774,827,86,208.88,5,53.32,562.6,3797.41,112,15,2023-06-30,4943.41
104,10611,293,14,271.29,10,69.09,688.08,3760.13,246,764,2023-04-05,6440.99
105,14163,643,39,380.05,12,45.49,333.27,137.61,378,410,2023-02-04,2288.57
106,10556,80,7,30.22,10,27.9,917.31,3572.61,101,289,2023-11-20,9102.69
107,10469,290,16,200.13,10,88.41,579.59,4266.33,209,566,2023-01-04,2981.44
108,16248,289,23,239.7,12,40.96,258.87,3957.21,7,12,2023-10-26,4073.59
109,11541,227,24,162.57,5,71.27,921.92,3811.79,24,563,2023-02-02,3124.14
110,15284,228,3,171.7,12,65.41,513.77,796.37,492,552,2023-12-01,3964.27
111,18684,694,53,75.09,5,52.76,372.41,4259.43,423,305,2023-10-30,338.11
112,11025,481,67,14.02,15,80.81,672.05,409.12,424,788,2023-06-15,8484.07
113,18983,733,59,422.16,10,96.84,724.22,4511.97,431,609,2023-11-09,6003.1
114,18842,210,99,432.27,15,13.85,797.28,2532.39,191,138,2023-12-24,3806.94
115,16465,970,62,55.41,10,78.03,642.9,4738.46,442,984,2023-11-08,5788.9
116,10088,737,37,157.54,12,39.67,802.02,2069.16,343,936,2023-07-12,4046.72
117,15772,216,5,318.56,12,72.46,771.01,4694.9,301,521,2023-04-25,8926.15
118,19217,438,26,291.13,5,77.59,936.83,1975.36,284,377,2023-06-28,5007.4
119,19317,339,87,476.75,12,19.77,250.85,350.27,263,771,2023-06-18,7581.8
120,12164,452,81,28.7,12,94.28,662.78,1639.3,134,568,2023-02-10,1036.06
121,13800,892,53,66.61,10,67.29,552.69,3038.67,256,581,2023-07-20,4710.99
122,15224,742,98,483.59,12,5.34,799.49,3140.93,327,841,2023-07-10,3156.99
123,12999,701,73,412.46,5,69.47,486.69,1561.43,426,700,2023-01-02,8831.53
124,12781,428,83,109.33,5,48.55,171.96,613.22,54,397,2023-01-25,5795.98
125,11248,746,79,459.11,15,89.28,896.05,2980.94,79,539,2023-06-28,5868.32
126,19920,168,34,336.94,5,6.95,462.12,3051.83,493,465,2023-03-17,1520.24
127,19664,65,21,157.72,15,91.01,326.44,2461.08,38,154,2023-03-11,8971.03
128,17864,522,19,448.84,5,82.71,593.37,2882.67,156,67,2023-01-21,8035.62
129,19270,59,67,101.34,12,31.81,63.66,1625.74,449,964,2023-05-12,7691.91
130,16117,355,95,431.31,15,45.83,609.72,4736.45,319,756,2023-05-09,4269.63
131,16855,158,11,57.09,10,85.18,898.88,4578.95,3,619,2023-07-06,5353.53
132,14431,57,25,441.16,15,28.99,617.41,1981.86,146,457,2023-12-16,8043.77
133,10416,807,24,358.77,12,65.62,619.44,3020.1,129,757,2023-05-28,8558.87
134,19814,78,48,301.9,10,80.23,437.95,3557.25,293,53,2023-12-14,6588.55
135,15803,912,5,248.98,12,13.61,682.29,2202.35,26,291,2023-10-03,2392.8
136,18085,796,59,13.55,12,55.57,226.8,2299.04,405,706,2023-03-20,5926.51
137,18795,865,65,198.19,18,81.33,612.41,350.74,15,180,2023-04-30,9444.73
138,17902,206,51,287.8,15,15.75,542.47,4212.59,113,105,2023-06-05,3030.22
139,10373,966,29,11.3,15,52.69,943.97,141.97,70,62,2023-03-06,9179.63
140,19153,354,98,95.64,15,87.15,980.63,3460.31,171,918,2023-12-18,6353.45
141,19004,385,36,293.28,15,30.7,540.83,2611.17,362,707,2023-10-10,266.36
142,15339,467,70,492.04,5,6.82,271.89,4656.28,452,635,2023-02-04,9147.17
143,13941,895,10,469.24,18,60.09,992.4,788.57,483,813,2023-06-03,615.5
144,17958,511,31,416.17,12,62.77,996.2,4637.74,244,815,2023-12-31,5265.67
145,18636,843,58,397.86,5,74.56,656.54,1231.13,253,395,2023-12-08,1966.23
146,10382,23,34,37.35,10,6.66,434.66,232.64,108,399,2023-01-22,4246.67
147,14559,176,34,104.59,12,74.53,476.98,992.92,219,153,2023-05-11,1560.42
148,18660,703,83,307.76,15,95.7,383.64,533.12,328,197,2023-01-27,3414.68
149,19395,191,80,92.63,10,20.7,697.43,4640.25,70,174,2023-03-09,2705.68
150,19837,489,21,119.51,18,22.53,538.57,1649.0,68,381,2023-03-05,3198.06
151,10033,24,3,102.12,10,84.49,927.7,500.25,57,300,2023-08-23,8563.91
152,18002,69,86,48.73,12,5.75,653.51,4866.07,260,541,2023-03-22,9558.16
153,19158,286,2,317.49,12,21.5,327.81,4680.44,231,320,2023-01-27,7260.79
154,14220,878,77,254.0,18,20.97,289.99,3856.76,430,223,2023-10-09,4476.79
155,18258,354,48,146.01,5,54.9,344.73,3686.8,10,619,2023-11-16,7229.21
156,15385,348,33,334.96,10,2.28,387.15,2085.97,6,424,2023-05-20,1114.3
157,17025,227,35,201.26,10,70.85,337.94,3877.48,414,120,2023-07-20,5654.85
158,16803,263,2,338.41,12,49.15,415.24,1640.47,288,842,2023-01-27,8823.04
159,19878,397,69,273.36,10,70.58,792.77,2836.79,420,440,2023-11-27,274.97
160,19965,405,17,360.77,12,1.41,295.17,3357.72,290,838,2023-11-03,6751.0
161,14459,986,46,11.24,5,81.39,954.75,2373.08,41,557,2023-07-05,7026.82
162,12680,114,43,138.98,15,44.89,390.28,1205.76,118,707,2023-06-18,4440.27
163,10077,104,14,30.36,5,50.5,654.13,2381.26,418,47,2023-10-28,2771.87
164,10966,993,16,492.24,12,21.89,692.05,982.47,120,351,2023-06-03,5409.36
165,12720,964,81,104.7,10,8.09,803.02,1242.13,45,57,2023-02-07,4491.53
166,13919,192,24,426.85,12,6.47,770.7,3136.95,256,170,2023-07-18,8748.05
167,15172,825,42,65.83,15,27.58,118.01,4001.38,295,889,2023-11-09,7441.63
168,18350,349,85,379.19,10,65.91,983.5,4867.2,140,654,2023-05-14,9700.31
169,13696,920,16,43.02,15,78.68,271.47,1476.75,436,567,2023-03-15,1528.92
170,16362,913,33,173.71,10,26.05,296.65,3961.11,310,614,2023-11-03,1619.59
171,14711,342,21,12.86,10,21.68,853.08,2532.01,329,975,2023-07-18,3164.58
172,18980,75,65,353.03,18,52.94,54.8,3401.54,90,385,2023-08-02,9861.38
173,19485,863,15,481.89,12,52.67,200.24,2067.35,331,740,2023-12-16,8455.73
174,16160,591,86,49.7,15,60.47,784.95,2121.45,355,842,2023-10-01,5744.44
175,17455,247,42,268.88,18,64.38,641.25,1589.64,372,288,2023-08-10,9720.16
176,19121,289,15,270.77,5,18.28,214.87,3552.69,249,514,2023-05-17,5027.85
177,10840,115,16,189.75,15,4.93,221.15,3635.28,294,12,2023-05-11,6624.94
178,19261,64,97,323.27,15,99.92,587.8,1228.58,46,617,2023-02-16,527.74
179,14885,291,35,411.79,10,24.09,124.45,2532.0,25,684,2023-09-09,2331.63
180,13249,654,68,250.03,5,4.54,778.05,965.34,288,113,2023-04-02,5286.49
181,18329,425,3,151.57,10,92.8,505.28,3716.43,141,91,2023-11-08,1846.13
182,13060,606,50,300.2,5,15.58,536.24,1181.57,291,997,2023-01-08,3247.49
183,11179,320,42,383.69,12,57.44,319.99,342.46,214,492,2023-06-24,2189.35
184,11845,406,79,326.19,15,36.08,333.34,4722.8,165,26,2023-10-03,6221.66
185,18932,209,70,294.19,15,43.57,734.26,141.04,478,31,2023-10-02,8359.6
186,10437,940,68,477.83,5,40.95,860.69,3641.22,483,62,2023-11-23,9154.24
187,17235,764,58,147.13,15,55.79,300.86,4142.73,65,564,2023-12-09,2451.85
188,14546,26,78,315.68,15,87.02,486.99,479.27,273,958,2023-01-18,7500.4
189,17920,645,92,482.35,5,71.71,568.98,2769.46,180,686,2023-10-30,4009.76
190,16764,650,50,472.48,15,53.05,905.96,2665.85,86,158,2023-07-16,256.99
191,12204,537,71,39.75,5,52.1,356.61,2037.0,173,538,2023-08-13,2723.96
192,11803,406,35,457.99,18,99.36,959.45,2925.6,81,206,2023-01-02,5161.56
193,16319,218,10,177.28,10,10.32,537.93,2998.02,366,576,2023-02-23,3906.23
194,13891,865,2,155.48,5,20.06,947.83,2698.65,424,98,2023-10-29,5623.28
195,15729,324,41,214.15,12,95.22,817.41,1647.76,290,961,2023-11-28,1913.15
196,10655,672,18,209.7,15,78.47,709.74,4236.34,179,738,2023-05-14,1241.33
197,12616,988,38,11.48,10,52.04,439.13,749.93,267,26,2023-10-30,4760.71
198,13767,868,4,141.73,10,66.04,553.41,709.27,250,768,2023-07-16,3915.71
199,17441,397,71,98.27,10,24.12,743.98,4241.2,292,252,2023-04-24,2499.3
200,13006,652,76,373.91,12,16.2,958.63,1887.78,358,546,2023-08-04,8508.69
201,18116,581,64,165.11,18,41.3,387.64,4281.81,72,965,2023-11-19,3796.27
202,15111,484,62,57.84,12,28.64,579.94,4406.82,96,49,2023-08-26,8528.46
203,17470,695,64,193.18,10,97.26,553.06,4643.17,127,181,2023-03-14,1205.93
204,15435,602,33,145.45,5,49.2,804.84,569.54,110,86,2023-08-09,2099.84
205,14531,556,95,197.84,18,29.41,119.67,879.26,195,573,2023-09-05,8174.36
206,12680,667,41,227.28,18,87.8,172.26,3492.5,48,93,2023-05-22,8965.85
207,17332,280,78,387.7,10,77.39,129.35,786.3,30,765,2023-06-19,4466.66
208,14136,875,90,53.11,15,52.91,494.82,4427.68,494,902,2023-03-04,4694.61
209,16489,871,32,409.36,12,56.52,262.88,4912.8,499,811,2023-02-26,4802.72
210,17193,869,25,485.31,18,89.25,729.58,395.22,263,655,2023-06-27,7393.71
211,13092,74,65,353.85,5,71.3,989.68,3721.98,10,311,2023-04-20,4116.31
212,13065,359,84,138.98,5,15.99,285.04,2452.51,243,954,2023-10-25,8534.54
213,11456,327,2,168.16,15,32.22,804.63,2523.77,347,778,2023-06-13,6761.16
214,14440,148,87,181.07,12,19.51,485.81,606.63,346,864,2023-12-15,7193.13
215,15535,792,10,58.14,18,74.42,265.03,2935.95,335,746,2023-03-22,9204.68
216,10874,595,61,120.51,15,60.75,177.67,4006.16,234,896,2023-04-07,1466.49
217,18590,469,29,381.78,15,44.7,904.85,4249.16,477,266,2023-08-22,8703.07
218,13189,134,9,445.73,10,60.36,270.87,104.36,167,462,2023-03-03,6027.68
219,19988,552,2,251.45,18,34.75,393.3,3673.0,87,58,2023-04-23,7884.22
220,18075,509,45,29.01,5,84.09,644.8,498.73,364,444,2023-09-16,1758.56
221,17398,157,49,258.99,15,6.72,85.3,4850.5,436,151,2023-08-18,6447.99
222,18196,726,76,244.96,15,22.19,557.69,4882.75,178,950,2023-12-11,5629.6
223,14719,88,34,199.63,18,74.47,652.08,1978.31,299,406,2023-12-01,1739.77
224,19145,219,58,391.8,5,45.88,803.82,1450.99,9,616,2023-06-25,780.79
225,16507,297,26,451.28,10,60.35,242.46,1057.88,115,391,2023-06-07,8178.73
226,19948,99,6,444.5,15,72.4,712.39,355.63,93,472,2023-10-21,9544.57
227,13724,947,75,277.98,18,41.28,459.47,3753.33,52,720,2023-05-20,1265.16
228,18121,734,90,311.85,12,23.1,57.19,2018.2,183,518,2023-05-21,3012.46
229,13210,836,11,144.38,12,5.19,76.25,3326.25,440,242,2023-11-18,6748.23
230,16277,451,33,288.26,12,92.52,327.1,2593.48,378,470,2023-11-27,4042.64
231,12431,787,15,11.57,18,36.96,94.92,1156.89,4,72,2023-11-10,9549.97
232,19950,770,79,28.15,18,7.94,184.48,1996.85,277,597,2023-04-30,4803.55
233,10985,988,54,450.27,12,35.81,181.01,2810.24,416,69,2023-10-18,8459.12
234,10167,176,56,354.03,15,41.04,517.29,3712.29,434,86,2023-07-03,156.81
235,14456,631,81,193.69,10,20.96,323.11,2964.66,420,345,2023-09-11,8883.73
236,19383,10,54,164.32,5,49.28,525.81,766.13,37,677,2023-03-25,8714.2
237,12623,159,46,133.33,18,74.27,365.96,1662.7,471,267,2023-08-05,3565.5
238,17191,637,91,497.76,5,87.63,815.3,2768.59,422,422,2023-05-12,4963.37
239,11315,204,79,128.13,5,90.57,804.59,698.52,184,270,2023-10-27,3298.95
240,11375,899,11,260.62,5,74.89,175.26,1458.6,102,84,2023-12-14,1349.94
241,18144,4,66,137.31,12,72.97,803.37,1996.21,83,686,2023-08-24,2400.75
242,11452,452,23,455.35,12,68.72,225.5,4571.05,432,871,2023-04-30,1104.41
243,10398,589,82,332.82,5,97.17,723.71,3624.53,473,416,2023-01-26,2180.26
244,17778,744,57,144.84,10,91.21,233.43,972.01,109,499,2023-09-06,681.32
245,15086,490,49,48.57,15,92.78,224.95,2921.42,88,146,2023-08-10,9644.23
246,10485,811,5,57.24,15,49.92,145.91,4200.74,218,387,2023-06-23,6919.38
247,15281,422,83,263.39,5,45.76,200.12,1269.34,441,641,2023-01-10,6759.63
248,18266,23,22,101.62,15,7.52,208.22,3867.46,221,475,2023-03-23,2162.07
249,12045,709,21,387.1,15,95.72,608.33,3703.53,268,282,2023-06-09,7280.4
250,15716,155,86,228.82,12,36.02,518.84,2717.33,161,361,2023-06-29,3094.1
251,11700,373,35,45.77,15,95.35,221.05,4640.05,97,963,2023-09-26,2075.73
252,14936,587,94,343.66,12,10.95,532.94,516.14,406,757,2023-11-16,2737.12
253,10031,666,18,17.13,5,92.97,95.22,4581.59,211,352,2023-12-10,5075.61
254,11945,127,34,485.16,5,15.54,475.9,4979.84,328,985,2023-01-31,2861.32
255,14300,564,91,232.75,15,65.31,817.95,2389.29,183,355,2023-06-08,1037.08
256,14062,234,36,287.21,18,90.25,436.5,4581.36,342,370,2023-11-30,2301.81
257,19400,19,46,433.4,5,6.03,816.16,2855.21,465,283,2023-03-20,6843.53
258,19105,161,95,163.55,18,94.72,140.49,1743.18,155,618,2023-11-17,7595.74
259,11548,589,59,45.02,18,58.22,892.97,4694.22,76,507,2023-07-23,5720.4
260,12414,822,84,187.05,15,29.02,680.53,3325.5,433,538,2023-10-04,880.17
261,12102,489,69,198.49,5,23.96,155.79,958.25,73,999,2023-05-17,194.58
262,13396,239,45,309.46,12,51.94,680.64,4401.22,225,511,2023-10-03,5805.68
263,13998,620,34,143.58,15,18.38,384.96,2047.95,71,953,2023-06-11,672.37
264,19134,602,69,439.23,12,64.55,991.92,2661.66,423,147,2023-05-03,8379.73
265,12550,613,83,255.87,5,77.41,79.17,3223.17,26,356,2023-09-16,9745.44
266,14962,35,54,108.67,15,79.22,274.03,3062.09,402,6,2023-11-03,5087.3
267,11993,598,93,268.84,10,19.55,966.67,3827.73,132,784,2023-04-06,7937.55
268,12946,840,67,235.43,18,23.55,928.87,1269.66,38,234,2023-04-04,4975.99
269,17612,998,56,352.61,15,61.28,648.72,2054.75,78,759,2023-11-09,7434.24
270,13596,592,53,479.96,15,53.02,911.59,1374.51,382,557,2023-08-06,8547.02
271,14481,287,89,299.31,18,69.11,650.71,1336.72,393,317,2023-07-29,5849.57
272,16784,169,49,353.33,10,20.37,933.03,1430.67,201,735,2023-12-24,5507.07
273,17943,19,83,256.34,18,13.14,323.44,1259.44,487,340,2023-05-17,4443.37
274,13362,188,72,70.9,10,43.91,937.27,3188.51,129,592,2023-01-18,8521.93
275,16316,921,95,482.45,15,71.69,736.49,1273.41,198,184,2023-03-21,6143.75
276,14732,309,28,63.43,15,96.68,283.75,413.4,208,769,2023-09-29,272.98
277,16782,176,30,470.06,12,71.72,310.13,3700.51,459,478,2023-09-07,9148.55
278,16784,287,42,55.56,15,32.92,585.1,1836.11,243,779,2023-01-23,1337.05
279,16902,969,31,108.97,10,39.09,948.0,4722.76,421,202,2023-01-29,2519.44
280,18288,798,4,297.29,12,4.41,143.62,2321.89,353,957,2023-10-14,8672.14
281,12323,615,72,271.54,12,2.51,812.26,4098.54,66,412,2023-02-25,4972.26
282,16405,198,41,116.34,15,25.16,426.3,2443.77,84,12,2023-10-05,3691.99
283,15530,715,21,24.76,12,26.79,958.04,1173.81,37,528,2023-04-20,3830.52
284,10522,693,34,324.4,15,91.58,832.18,3528.65,110,883,2023-09-16,8613.32
285,12101,548,67,129.93,5,33.0,776.73,3457.76,76,681,2023-03-20,9125.62
286,19710,947,21,331.4,10,50.41,832.61,987.21,93,975,2023-12-29,7120.07
287,16141,222,7,360.08,12,28.08,719.53,4347.84,342,174,2023-01-29,6039.09
288,16272,896,57,150.8,5,25.68,860.86,1672.2,356,795,2023-07-24,6045.93
289,16742,25,70,44.37,5,16.81,608.07,2597.08,175,561,2023-08-02,3092.02
290,12868,764,97,425.18,18,48.25,912.29,424.9,490,601,2023-06-11,5012.46
291,17962,839,44,195.56,12,33.4,647.54,3198.23,437,288,2023-10-24,4942.86
292,19459,575,4,228.58,10,62.32,235.98,2955.43,493,136,2023-05-28,623.28
293,10736,858,70,186.53,10,35.22,921.48,907.32,300,773,2023-11-12,6402.21
294,17403,812,23,129.84,10,10.68,470.14,1175.11,168,618,2023-12-19,8941.13
295,14597,577,21,208.99,12,58.64,728.75,2761.97,181,601,2023-03-24,4164.84
296,18431,595,8,319.79,12,99.58,475.61,3428.78,404,718,2023-10-17,7220.56
297,19711,65,51,313.48,10,79.36,427.79,570.3,378,297,2023-09-27,5204.07
298,14678,698,89,373.64,10,25.11,123.72,2649.89,100,406,2023-11-20,5120.16
299,12963,373,67,459.4,18,78.69,753.56,2150.55,75,897,2023-08-15,3985.73
300,17595,987,15,302.74,5,93.72,882.24,4497.59,273,449,2023-07-16,4116.74
301,13874,667,83,299.49,5,59.23,972.31,3514.4,223,682,2023-06-20,2111.99
302,10874,804,68,484.69,10,65.54,210.58,2859.98,67,561,2023-04-25,7295.29
303,17174,935,4,375.73,5,99.84,765.34,4617.36,80,215,2023-10-26,3778.88
304,10946,869,5,87.68,15,15.11,108.46,488.67,447,747,2023-05-20,2487.44
305,13185,956,92,271.35,18,41.08,497.48,543.78,323,923,2023-06-12,8167.29
306,13853,549,88,152.57,15,69.32,150.11,4034.71,182,391,2023-02-08,9114.76
307,10676,231,68,117.23,5,95.62,423.84,1579.73,375,883,2023-05-21,6610.95
308,12904,150,38,483.15,5,20.51,971.18,4739.8,494,822,2023-09-05,1347.41
309,11586,195,93,422.66,10,18.15,651.2,4099.87,133,124,2023-11-19,5938.14
310,10512,371,89,169.3,12,71.22,375.02,4850.46,379,557,2023-10-09,3768.54
311,11848,901,38,407.33,15,37.05,549.05,4624.85,203,448,2023-02-22,7477.0
312,14337,807,64,252.78,15,79.76,692.55,148.76,193,830,2023-09-05,8534.88
313,19736,295,18,83.14,12,48.71,788.48,1220.39,262,833,2023-04-19,1459.97
314,11059,711,15,332.64,15,1.44,781.48,4034.34,181,673,2023-08-05,3358.44
315,16000,941,71,416.41,10,98.95,807.33,1420.61,411,339,2023-12-09,7444.64
316,11632,919,45,74.05,18,31.28,260.47,4411.01,82,342,2023-10-15,469.52
317,16828,382,98,371.66,12,64.08,873.09,1336.8,250,741,2023-07-01,5938.49
318,11943,600,62,115.58,12,23.0,77.28,3797.0,460,820,2023-02-26,2926.89
319,17878,523,85,30.3,15,50.64,940.69,4088.81,446,444,2023-11-22,1523.01
320,19524,459,60,68.09,12,20.57,138.15,3669.64,394,988,2023-04-05,8433.15
321,12887,234,83,372.61,18,79.97,236.18,3122.78,308,993,2023-12-22,8373.98
322,18225,409,53,316.12,18,60.68,417.48,284.12,364,802,2023-08-01,2008.86
323,12996,799,89,378.76,18,64.28,384.79,4518.39,197,282,2023-01-08,7109.88
324,14426,785,24,338.39,5,72.03,621.79,2997.67,498,566,2023-03-05,3779.83
325,19495,970,83,83.62,15,70.83,907.71,2745.67,94,386,2023-06-11,6283.43
326,12296,198,48,467.08,18,88.31,617.23,2345.49,189,867,2023-09-21,8575.19
327,16919,634,50,415.76,15,95.25,350.66,292.85,158,410,2023-07-06,7658.38
328,17889,802,1,410.58,15,38.54,499.56,4068.8,377,160,2023-05-26,4760.33
329,18712,477,81,417.85,10,32.51,206.39,4063.28,482,853,2023-06-11,4223.34
330,17893,57,32,277.01,15,17.18,608.8,4494.08,241,404,2024-01-01,5308.05
331,14272,332,80,203.92,15,96.48,908.81,2642.32,237,198,2023-10-12,1473.64
332,15827,180,57,157.32,15,59.35,914.49,1461.0,56,456,2023-07-03,7126.65
333,15862,522,63,380.91,18,12.71,614.57,602.64,276,702,2023-03-25,8059.29
334,18793,664,66,66.82,5,80.55,376.14,2814.89,315,378,2023-12-04,4281.54
335,18309,63,47,251.17,5,10.8,511.82,1870.07,315,979,2023-11-29,7366.79
336,16554,832,51,22.33,5,52.94,312.85,191.15,419,923,2023-05-26,4680.39
337,19526,680,10,131.69,15,59.47,756.95,2425.49,113,460,2023-10-07,3995.14
338,11281,650,72,16.23,15,71.12,541.98,1460.65,185,163,2023-06-27,7970.27
339,15051,947,21,38.83,10,49.21,906.91,3066.51,256,469,2023-10-03,3611.99
340,10213,847,19,19.82,12,77.36,953.25,4320.76,153,930,2023-03-12,6963.13
341,11239,250,55,458.87,18,42.65,375.5,751.41,362,74,2023-04-05,3498.92
342,17367,902,43,397.65,15,9.3,336.52,1457.11,378,46,2023-12-14,5628.14
343,15948,568,47,291.57,5,25.84,553.98,3622.34,277,597,2023-06-16,9624.27
344,12574,17,52,255.31,15,26.72,327.61,4186.09,450,820,2023-07-19,8788.45
345,11229,668,29,47.55,18,62.25,929.58,1380.67,491,868,2023-10-16,532.5
346,17914,65,2,431.38,15,16.73,195.39,4440.33,380,863,2023-01-14,3868.54
347,13028,697,93,157.13,15,35.45,468.35,1469.92,3,100,2023-04-21,4585.26
348,19795,286,69,87.62,15,6.65,214.17,284.89,211,558,2023-07-16,459.68
349,19320,376,27,30.86,10,86.2,284.79,529.22,348,558,2023-06-08,9385.14
350,12135,693,49,108.55,15,86.69,242.17,464.45,346,826,2023-01-22,1510.47
351,17857,670,57,390.9,5,3.77,232.01,2075.76,55,33,2023-10-18,4358.48
352,14921,356,95,267.24,12,37.67,101.47,1458.48,397,14,2023-09-25,7388.48
353,19906,314,56,325.63,10,93.03,172.37,3428.82,307,150,2023-11-27,101.72
354,19465,277,33,159.88,5,27.16,957.09,1820.0,139,729,2023-10-28,1919.78
355,12795,92,64,322.74,10,86.37,535.47,488.83,217,520,2023-12-19,6253.7
356,16704,7,59,223.27,10,84.78,161.2,2167.04,444,154,2023-09-24,1519.37
357,19172,412,91,110.38,10,26.1,769.14,441.82,4,93,2023-06-20,6023.95
358,19880,836,95,364.39,5,22.41,883.12,674.3,203,349,2023-05-18,7285.05
359,11197,564,40,467.16,12,31.33,398.49,3208.83,219,752,2023-08-09,5300.83
360,14805,785,6,29.7,12,68.62,580.73,4706.57,60,7,2023-01-31,8190.68
361,11886,304,35,54.33,5,34.82,197.67,2529.88,334,289,2023-05-28,614.47
362,16807,492,69,354.63,5,82.59,493.12,3887.37,57,552,2023-02-15,4438.13
363,18337,473,76,347.49,5,41.01,298.16,1393.55,496,672,2023-05-01,8445.39
364,15154,49,87,156.77,18,46.47,681.67,2627.28,336,309,2023-07-04,7070.79
365,12339,913,61,100.17,5,46.8,94.42,1275.28,253,358,2023-11-09,4291.04
366,16127,862,43,348.73,10,15.62,181.49,4381.41,318,123,2023-01-10,1562.95
367,19277,367,21,490.61,10,26.46,608.69,1659.06,275,213,2023-05-05,5392.25
368,17774,450,35,394.64,15,38.77,150.44,2515.88,129,616,2024-01-01,7989.91
369,13466,441,2,186.62,15,70.71,927.34,4341.09,24,958,2023-11-03,6030.66
370,10661,72,94,439.6,12,34.09,396.52,1214.53,472,565,2023-12-27,4549.42
371,14075,273,53,412.65,12,10.46,955.12,3220.38,483,56,2023-06-25,5215.23
372,11549,833,16,393.49,15,45.55,409.98,679.29,181,317,2023-10-21,9349.42
373,15166,371,37,465.83,12,58.51,233.56,3703.76,133,500,2023-02-18,7533.94
374,17379,681,94,205.89,18,10.84,367.04,2043.53,306,523,2023-01-18,391.12
375,13636,569,12,466.59,18,80.72,741.74,1826.02,215,468,2023-11-17,4699.69
376,10920,677,46,436.73,15,50.68,685.25,1330.88,466,513,2023-07-10,9728.03
377,11725,804,55,85.26,15,72.86,188.88,2673.52,437,358,2023-03-05,7976.9
378,16214,849,85,398.84,10,75.57,964.98,371.32,145,530,2023-05-03,7161.4
379,19846,393,59,91.91,18,71.16,131.23,859.04,355,759,2023-02-18,5995.88
380,14549,938,17,380.61,5,67.78,818.73,2716.7,115,817,2023-07-31,1782.93
381,12866,191,81,136.09,15,92.83,676.92,1741.36,221,713,2023-02-18,1774.16
382,14421,856,47,141.37,18,91.14,287.78,1175.71,162,735,2023-04-05,682.46
383,16023,831,55,439.45,12,19.96,622.37,4566.35,11,429,2023-05-09,261.81
384,17022,735,99,77.29,18,49.09,829.23,4560.26,324,74,2023-05-01,4389.92
385,13146,41,7,492.53,15,44.06,161.67,1516.35,285,213,2023-07-07,5153.51
386,15890,269,89,468.88,12,95.55,95.53,3474.58,183,191,2023-01-02,7152.72
387,17688,907,66,233.75,18,77.75,700.31,4803.32,39,871,2023-08-27,8812.41
388,13055,654,51,410.75,15,31.56,962.23,161.3,406,478,2023-05-12,6902.81
389,16764,185,16,187.42,5,57.29,798.17,4978.43,94,735,2023-02-22,8034.38
390,18556,5,39,440.39,10,37.5,577.24,510.93,6,585,2023-11-06,2552.37
391,14720,200,89,216.53,10,63.36,715.54,253.21,212,390,2023-07-31,7107.76
392,16312,356,89,66.56,18,25.35,540.9,3437.39,20,217,2023-11-19,6783.47
393,15056,863,7,374.13,18,31.42,316.02,4778.96,106,394,2023-05-12,6751.21
394,11949,134,3,245.68,10,9.46,205.46,3527.73,207,447,2023-07-14,408.74
395,18739,499,62,173.17,12,13.49,895.94,1680.43,210,401,2023-12-01,7458.82
396,12858,555,40,399.57,5,4.43,871.67,970.2,164,153,2023-11-05,1312.49
397,15672,74,91,37.32,18,70.84,750.72,946.85,421,837,2023-02-20,318.75
398,13470,288,38,201.02,12,2.59,403.82,4691.1,444,198,2023-10-02,8169.51
399,13502,962,96,468.87,18,3.3,808.76,1573.72,314,126,2023-12-09,4629.02
400,19985,348,95,152.16,15,90.02,937.74,3792.57,406,922,2023-10-10,2994.14
401,19922,635,59,393.62,18,56.07,137.53,4228.35,475,657,2023-04-07,806.34
402,18925,424,59,409.08,10,38.54,287.02,1269.55,67,84,2023-02-07,2841.83
403,11851,359,49,405.4,15,71.13,57.77,1261.93,43,737,2023-02-08,596.95
404,12862,612,45,42.62,5,99.34,317.42,4603.3,462,220,2023-12-05,678.44
405,18912,168,83,98.31,5,66.5,394.84,2122.18,217,853,2023-09-24,8326.91
406,15588,805,46,487.74,5,4.17,84.06,2663.57,349,157,2023-09-09,1811.98
407,10570,683,83,172.29,15,40.79,788.55,2097.47,176,382,2023-06-11,767.19
408,11488,773,83,250.52,18,23.9,371.0,3118.46,147,402,2023-03-20,1054.47
409,17040,412,8,99.78,10,84.48,623.65,4127.73,384,486,2023-03-09,3603.44
410,11933,599,14,203.76,5,6.77,162.27,1838.32,192,558,2023-06-13,5819.57
411,14638,453,26,359.6,12,33.63,474.78,1185.46,14,217,2023-12-02,3004.81
412,11763,229,19,191.09,18,9.71,844.97,2545.93,482,927,2023-01-16,5897.21
413,14068,291,68,174.16,5,98.05,576.83,368.11,134,767,2023-12-14,8276.25
414,19045,831,43,433.88,12,81.22,995.94,2626.24,184,650,2023-05-11,6207.1
415,18329,75,66,106.37,18,58.99,412.68,2903.91,283,29,2023-01-28,4045.44
416,13953,208,81,164.6,15,44.39,743.62,1879.13,496,576,2023-10-06,4640.26
417,10624,116,14,433.19,18,29.74,744.39,4504.35,305,632,2023-03-25,5876.95
418,11190,896,90,457.34,12,90.67,646.93,4163.52,205,115,2023-04-07,4447.26
419,16589,836,76,335.45,10,93.48,494.65,4791.22,187,792,2023-06-14,662.23
420,10390,747,24,193.59,18,10.99,856.13,1249.33,340,604,2023-03-12,3375.99
421,16616,864,96,497.02,10,6.97,608.12,4679.98,203,269,2023-08-30,5051.84
422,17875,737,99,331.51,15,91.64,376.71,3886.7,443,264,2023-06-26,5670.66
423,12452,813,98,239.63,18,15.83,759.67,2181.69,318,449,2023-11-21,4252.11
424,10952,223,68,106.24,15,78.27,598.67,3460.03,494,947,2023-12-04,436.02
425,12718,736,43,54.9,5,82.8,168.34,1150.7,157,355,2023-09-27,7546.3
426,17025,573,32,452.76,12,72.69,354.4,3578.77,151,955,2023-06-15,169.04
427,18780,267,39,392.11,12,42.62,80.92,1097.65,70,789,2023-09-04,9576.14
428,10742,830,11,82.81,18,19.65,810.56,1510.39,374,429,2023-12-13,3418.29
429,10790,51,29,184.92,18,3.75,775.53,648.64,7,267,2023-03-02,5437.65
430,18612,450,42,197.74,18,76.03,677.63,2310.68,129,616,2023-11-17,3606.57
431,15746,899,33,33.79,12,85.52,668.71,1499.73,357,848,2023-05-13,1429.29
432,10024,172,55,464.97,18,69.23,931.86,1441.09,403,245,2023-03-24,2598.3
433,18449,50,88,394.21,10,57.04,133.39,3987.31,163,97,2023-05-24,9284.8
434,17072,510,5,242.86,12,23.69,987.68,4750.41,156,886,2023-09-30,8356.7
435,19014,608,18,262.81,12,35.8,627.05,4693.85,307,118,2023-09-15,2595.27
436,18791,776,2,118.59,5,59.2,148.91,2253.74,230,316,2023-01-24,6995.26
437,19968,860,33,123.16,15,93.7,285.46,3557.39,470,207,2023-04-28,3270.42
438,13755,316,11,440.4,10,54.84,990.96,3785.13,183,587,2023-02-11,9493.17
439,16112,283,58,34.04,15,10.03,603.76,3662.24,489,606,2023-09-21,3503.49
440,17804,951,58,42.81,15,59.49,782.64,2098.21,123,165,2023-11-18,544.96
441,16011,388,1,149.9,12,20.21,109.19,3307.8,5,517,2023-08-31,5543.79
442,16474,219,39,295.32,18,17.85,270.6,2503.41,86,795,2023-07-06,580.57
443,13619,343,48,62.93,18,34.18,876.77,3976.2,9,896,2023-05-28,3018.36
444,19421,358,75,209.62,10,97.56,487.34,1784.49,444,417,2023-05-06,4182.06
445,12390,694,21,115.26,5,75.02,68.86,217.89,234,351,2023-11-23,8809.58
446,14982,847,14,120.19,5,11.47,837.97,4288.37,107,630,2023-05-14,7241.06
447,18199,196,63,274.97,12,83.08,761.86,1702.92,497,132,2023-07-30,1324.04
448,14151,553,31,442.51,10,98.03,964.3,3097.85,480,981,2023-02-24,9127.05
449,18941,941,12,301.68,18,22.06,710.54,3357.7,130,3,2023-05-24,9670.88
450,11762,839,70,37.01,5,48.58,923.57,670.81,47,1,2023-09-28,5168.9
451,13263,817,23,104.46,10,28.25,972.7,3061.04,380,481,2023-08-06,4015.25
452,17772,144,85,466.66,15,79.19,815.35,3767.43,384,378,2023-07-17,4093.46
453,18007,297,69,342.58,5,12.1,398.42,1593.23,263,765,2023-03-25,5593.69
454,19581,948,57,283.15,12,92.46,289.82,2269.05,413,268,2023-06-11,6666.82
455,12931,417,37,130.92,12,80.33,635.46,1820.52,397,868,2023-11-03,873.32
456,19845,593,13,496.9,5,19.82,598.18,4721.4,330,232,2023-05-14,945.41
457,13412,889,90,115.74,12,28.35,77.82,2332.22,84,392,2023-05-23,675.12
458,10479,427,71,332.18,18,51.54,341.11,2916.81,143,963,2023-01-13,6230.9
459,17105,320,25,286.37,10,44.08,898.54,2137.29,177,312,2023-07-19,2437.55
460,13789,357,76,249.51,15,6.18,728.35,932.59,293,650,2023-12-06,3522.8
461,18722,325,84,223.54,12,69.36,344.8,983.96,212,830,2023-09-07,5921.39
462,14172,559,57,12.49,10,11.56,331.78,3940.79,167,185,2023-06-11,6774.56
463,11515,313,36,55.44,15,89.87,786.93,4581.86,139,547,2023-01-28,6079.39
464,18229,303,72,309.46,10,77.25,202.99,1942.7,311,51,2023-06-20,242.98
465,15072,186,60,349.84,18,43.94,616.93,3525.94,498,951,2023-12-15,7982.06
466,13270,549,39,209.01,15,13.8,693.67,432.9,333,436,2023-09-22,3905.84
467,16696,295,72,22.93,5,46.84,789.54,680.32,166,254,2023-03-21,9717.77
468,16365,424,69,258.66,15,95.83,444.0,637.49,185,455,2023-04-03,386.13
469,19758,45,63,250.22,15,35.29,485.88,372.59,427,508,2023-11-20,8602.49
470,12290,270,99,330.75,12,96.84,434.99,1178.34,126,649,2023-07-04,8666.42
471,19056,60,66,184.42,10,16.96,866.21,161.99,271,488,2023-11-20,5598.01
472,15414,156,47,161.88,12,77.83,212.87,4082.99,93,976,2023-04-10,365.16
473,13136,370,20,495.18,10,16.88,971.5,1651.65,402,641,2023-01-05,7614.33
474,12575,739,90,452.94,10,98.06,388.06,1781.12,201,210,2023-01-31,5904.02
475,10700,362,33,458.36,15,9.98,947.95,2885.83,31,327,2023-04-07,5247.18
476,12174,429,48,216.01,10,7.69,260.47,3454.24,34,432,2023-08-06,2786.5
477,17512,783,70,292.51,12,2.28,348.37,1737.3,72,55,2023-09-12,4846.49
478,13795,610,19,62.91,10,99.95,62.94,2914.32,377,249,2023-02-12,1164.48
479,19704,240,74,213.74,5,27.93,413.59,2409.09,71,853,2023-02-18,7675.56
480,11602,344,30,16.49,10,44.45,280.18,3026.75,279,478,2023-12-18,8412.28
481,16095,244,99,206.1,15,30.22,727.18,1444.01,172,558,2023-06-11,8663.22
482,14360,605,4,139.93,15,14.94,521.23,3053.88,210,235,2023-08-11,8594.93
483,15882,972,67,308.99,18,49.4,118.13,900.09,121,94,2023-06-14,718.06
484,11060,617,92,66.78,5,45.56,426.69,869.89,141,111,2023-04-09,306.91
485,10127,570,36,311.81,18,33.1,396.62,1988.25,406,500,2023-05-19,6086.48
486,11355,772,93,418.38,5,12.29,171.73,3251.41,320,667,2023-09-28,4202.36
487,16608,167,85,14.79,12,30.97,900.31,4799.57,237,118,2023-04-23,5063.38
488,14300,300,19,449.71,15,80.56,474.37,4751.65,280,227,2023-02-08,6051.08
489,15543,599,64,479.35,10,93.33,469.53,1139.91,11,7,2023-12-18,4092.49
490,19378,903,42,166.81,15,60.57,383.52,4944.54,483,155,2023-06-18,9369.55
491,19134,139,54,81.0,18,28.17,544.47,4940.3,42,225,2023-07-17,2396.04
492,19195,480,77,174.3,15,73.26,631.96,3809.06,488,731,2023-08-29,8383.25
493,10967,696,50,23.03,10,67.73,455.04,1452.32,305,548,2023-09-03,5878.17
494,15490,781,45,95.72,15,67.6,298.05,475.81,55,180,2023-02-08,9749.71
495,18849,104,28,479.93,10,87.52,799.1,1186.23,284,241,2023-05-08,8385.01
496,15096,359,10,464.46,5,95.91,694.01,4275.18,85,650,2023-07-03,9994.21
497,17081,168,45,128.78,15,38.83,368.19,4968.45,182,12,2023-01-14,9843.92
498,19304,916,70,259.65,15,7.54,807.17,1508.73,471,269,2023-05-06,5121.32
499,14230,87,40,221.44,18,37.25,906.08,2913.93,286,847,2023-03-30,4158.67
500,17214,579,77,372.08,12,79.37,980.87,3539.28,490,649,2023-04-10,3033.15
501,10421,349,10,50.43,18,50.16,186.68,677.21,336,199,2023-03-28,1301.15
502,18735,481,22,385.85,18,29.69,841.99,2041.01,217,902,2023-03-05,8955.23
503,14797,528,85,42.23,15,71.66,814.5,3926.18,191,802,2023-04-18,4238.24
504,12239,567,43,284.88,18,89.98,826.34,3712.96,74,901,2023-06-12,4579.75
505,12894,305,23,179.02,18,83.19,617.66,4888.01,72,169,2023-04-04,6498.04
506,13137,823,69,131.32,5,77.15,638.21,4647.55,455,391,2023-02-01,3629.24
507,17252,739,82,115.59,10,71.85,578.23,691.08,41,12,2023-03-23,788.91
508,10401,608,15,73.68,12,90.89,575.66,3701.96,367,616,2023-12-22,6342.36
509,19418,486,55,29.98,12,55.07,271.31,2293.33,471,114,2023-04-19,7112.09
510,16607,276,91,180.58,12,55.3,285.11,1442.27,459,52,2023-08-31,6803.4
511,19719,885,44,106.46,15,51.4,430.6,284.93,49,151,2023-05-14,5964.84
512,19156,543,23,459.11,10,97.42,277.75,3221.13,106,336,2023-10-25,7514.46
513,19312,963,70,53.59,12,9.56,776.93,1647.62,457,959,2023-01-02,931.79
514,18796,975,11,410.09,5,47.62,152.84,779.36,116,385,2023-01-01,5047.83
515,17178,939,92,149.89,12,42.23,875.97,1304.58,412,419,2023-04-16,3387.57
516,19669,268,53,488.3,18,46.53,255.8,4342.11,162,644,2023-08-14,9939.56
517,19332,114,26,386.96,15,57.2,785.22,4997.08,486,180,2023-04-27,875.21
518,13982,250,91,351.91,12,67.15,753.82,448.14,113,374,2023-06-15,7967.14
519,12396,460,51,111.87,5,23.74,525.68,3472.38,378,976,2023-08-08,521.83
520,14998,943,26,103.62,10,43.03,205.86,2162.51,172,369,2023-05-02,1345.49
521,13208,176,11,471.41,18,41.21,295.01,913.22,200,160,2023-02-19,7876.81
522,12682,16,37,156.88,5,89.79,402.15,1263.72,358,248,2023-12-26,5138.7
523,12791,626,27,112.15,15,35.86,363.81,1291.07,136,931,2023-06-12,9390.78
524,12423,635,87,292.63,12,61.55,177.21,3744.3,211,706,2023-09-17,2727.98
525,11392,737,76,486.65,15,66.14,844.78,2622.72,450,67,2023-11-18,8916.64
526,17130,350,10,350.08,12,91.48,345.28,3461.06,428,338,2023-09-25,431.47
527,15624,334,76,381.25,18,57.44,302.73,1491.08,337,303,2023-02-21,8927.66
528,13967,484,72,180.34,18,69.52,722.91,3765.59,319,871,2023-08-11,7035.9
529,17998,699,31,176.94,15,3.37,361.14,2268.82,482,468,2023-07-15,2707.47
530,10325,845,5,367.63,10,40.53,317.63,3407.87,431,55,2023-08-31,6548.73
531,10615,397,35,409.46,18,35.5,432.12,2506.03,84,738,2023-09-20,105.07
532,19047,566,87,105.34,12,78.41,150.65,4504.77,404,984,2023-05-03,1543.78
533,12108,471,70,449.09,10,9.31,190.4,4633.54,66,399,2023-07-28,8163.73
534,15786,298,16,170.54,15,24.95,352.89,1101.33,33,78,2023-04-29,6946.29
535,14259,254,6,273.0,15,72.19,222.61,2414.96,102,823,2023-07-19,8572.59
536,13739,433,75,141.12,5,14.6,355.16,604.24,183,117,2023-11-20,4623.01
537,13206,430,89,495.7,5,18.15,184.81,4151.46,48,334,2023-04-22,8110.31
538,11381,269,71,429.25,18,94.71,373.69,3701.43,411,501,2023-08-05,377.11
539,11992,966,78,495.21,10,36.68,98.89,3397.99,223,269,2023-03-29,7116.09
540,16392,606,87,336.44,15,91.01,864.42,3308.78,398,569,2023-04-08,7382.02
541,13087,253,57,255.03,18,44.14,208.65,4144.31,412,26,2023-11-04,8501.5
542,12602,826,63,132.23,5,74.04,528.43,685.67,418,129,2023-10-22,3088.76
543,13133,978,4,196.36,15,63.22,406.55,4429.23,495,762,2023-03-15,3260.66
544,17420,627,1,399.43,18,12.24,161.2,1979.92,424,532,2023-08-29,4549.36
545,13437,947,69,425.64,18,2.06,159.51,4141.89,209,98,2023-08-23,4020.96
546,15508,349,53,142.86,15,67.89,427.03,1453.84,396,82,2023-07-15,8880.75
547,16376,804,4,392.87,18,76.3,108.58,4929.29,29,212,2023-07-28,3763.48
548,16195,626,43,323.81,15,28.2,300.09,1922.87,343,172,2023-02-03,8845.75
549,18567,939,78,436.53,12,17.42,578.24,761.25,235,48,2023-11-10,1373.19
550,18734,431,44,370.97,12,48.09,213.71,1089.55,38,449,2023-01-30,7574.78
551,14891,985,33,172.48,15,39.22,866.45,651.53,137,808,2023-03-22,6097.38
552,11169,708,80,71.16,18,15.42,699.3,4795.25,464,238,2023-01-16,6099.81
553,17929,436,80,176.68,15,17.64,970.82,4811.98,141,790,2023-05-19,2360.4
554,10675,814,80,148.9,15,34.34,284.0,646.26,202,468,2023-10-23,289.32
555,14858,654,93,418.33,12,12.11,882.71,4279.86,427,313,2023-08-24,2871.61
556,17446,911,49,41.32,10,92.93,215.8,4773.81,83,797,2023-08-28,2949.37
557,14166,641,9,12.69,5,51.62,493.61,3754.13,148,961,2023-01-12,2728.42
558,15509,531,72,181.36,12,82.78,596.33,2844.88,63,738,2023-08-29,349.26
559,19491,10,2,483.99,12,90.37,464.57,1459.25,479,151,2023-08-11,452.86
560,11782,635,77,132.85,15,62.65,332.65,2069.86,469,669,2023-04-02,3983.49
561,11757,810,79,45.42,12,62.05,745.73,2221.77,315,60,2023-05-02,634.31
562,17757,559,5,62.25,15,22.03,238.24,2884.28,145,343,2023-06-15,787.67
563,12788,33,5,19.79,10,92.66,529.31,1183.71,466,691,2023-05-22,4302.4
564,15043,710,79,186.37,18,2.46,70.2,3790.42,126,942,2023-10-12,4670.04
565,11838,259,51,208.4,12,77.78,282.76,1935.76,452,543,2023-12-17,1921.64
566,16378,261,79,200.08,12,39.4,759.39,2158.68,270,687,2023-10-07,8371.92
567,12258,981,25,201.74,15,65.37,222.36,2459.57,254,586,2023-06-23,4074.7
568,19465,593,78,287.67,5,31.76,661.59,4648.8,433,11,2023-10-23,3414.84
569,15339,436,34,232.23,18,82.6,241.32,4296.89,437,195,2023-11-19,7326.3
570,13095,760,74,293.46,5,4.22,767.6,4531.64,284,867,2023-12-11,4918.86
571,19644,24,79,159.7,10,30.21,156.19,514.76,312,532,2023-07-13,2045.49
572,12800,290,91,39.34,5,8.47,518.64,2249.81,98,103,2023-07-05,9580.42
573,14458,839,2,21.62,5,86.69,820.36,2336.19,331,957,2023-02-15,2820.84
574,10806,282,60,175.51,10,80.53,138.9,3343.45,160,89,2023-06-07,457.65
575,14052,452,7,213.95,5,79.77,340.35,1242.43,72,794,2023-10-26,3845.03
576,13028,629,16,477.62,10,34.87,622.03,1884.37,381,214,2023-04-28,8905.42
577,14056,700,72,40.29,10,6.96,732.17,1213.56,326,362,2023-05-23,1732.23
578,18364,559,67,85.59,12,9.98,506.81,3267.11,24,707,2023-03-27,3288.97
579,13089,957,78,364.45,10,21.27,717.24,139.51,308,73,2023-10-16,4642.51
580,11987,702,51,408.05,5,91.26,976.84,3579.06,458,978,2023-08-27,362.36
581,12172,295,82,109.0,5,95.05,720.9,1888.4,126,872,2023-06-30,8254.38
582,19965,833,37,181.23,10,33.01,323.62,1407.97,463,97,2023-06-29,4101.09
583,12391,907,38,415.04,12,97.7,453.1,4368.65,278,298,2023-07-09,5456.98
584,15767,892,55,349.64,18,96.69,232.74,2472.63,113,835,2023-10-31,9333.52
585,12183,582,88,255.03,5,16.21,293.78,3315.67,414,136,2023-12-06,2957.89
586,18395,29,94,355.75,10,49.0,646.19,4533.71,136,485,2023-09-18,1396.1
587,18995,334,92,485.16,10,6.89,617.03,182.22,218,148,2023-02-26,8590.09
588,14858,808,22,386.96,5,20.46,80.73,3312.93,430,989,2023-07-19,1919.53
589,10321,548,67,304.77,12,25.11,775.06,1511.84,354,293,2023-04-30,4157.49
590,12240,540,99,199.03,15,4.15,876.37,4852.81,479,151,2023-06-11,2945.54
591,16570,337,3,442.04,18,49.99,342.0,301.16,294,846,2023-04-26,9076.35
592,12765,925,35,292.96,5,49.08,698.66,1743.93,481,276,2023-11-05,1432.62
593,16952,377,21,283.02,5,73.04,704.54,4375.76,452,609,2023-11-17,3022.7
594,16236,997,60,363.95,10,22.57,269.83,2774.45,234,713,2023-05-22,7295.16
595,18468,126,79,392.21,5,9.64,320.73,4314.74,465,100,2023-11-28,4759.76
596,18512,809,88,82.97,18,93.7,130.92,2950.02,183,909,2023-02-19,5051.43
597,10402,326,25,285.57,18,66.15,263.06,4114.8,185,46,2023-06-24,6924.98
598,19873,539,6,25.36,10,65.32,101.57,2724.25,383,834,2023-03-08,5543.55
599,12810,924,5,250.6,10,17.93,449.24,2863.4,473,273,2023-12-04,101.05
600,16565,50,59,357.86,12,90.56,563.26,2115.01,327,419,2023-07-10,5304.13
601,14202,406,2,373.39,15,28.76,756.4,4984.91,81,644,2023-09-23,6825.65
602,11965,337,23,150.82,12,13.87,520.72,176.15,485,510,2023-10-01,8282.7
603,12001,612,86,218.98,5,9.16,979.11,3566.01,199,139,2023-07-20,3103.43
604,14188,541,86,435.8,12,56.05,874.91,1795.19,353,754,2023-01-09,5999.37
605,17636,101,89,349.85,5,95.39,329.3,3957.19,195,705,2023-12-02,1404.38
606,15525,672,15,427.19,12,96.95,342.11,3310.79,425,278,2023-08-30,3590.51
607,15219,272,95,326.53,12,17.9,310.85,2215.89,35,137,2023-09-24,8217.39
608,19621,544,29,72.43,15,68.8,121.0,2750.17,437,284,2023-05-14,6173.39
609,19372,692,46,275.45,10,47.45,822.0,4141.82,68,119,2023-09-27,9214.64
610,15964,676,36,322.2,10,20.49,373.9,1574.84,233,422,2023-07-13,3781.55
611,16281,704,97,191.66,12,78.36,655.24,2347.99,290,474,2023-05-24,2371.24
612,16493,175,34,322.46,18,69.42,142.89,4613.31,221,604,2023-03-13,6805.06
613,11269,815,31,361.13,12,72.24,376.81,3983.18,126,775,2023-10-26,4010.48
614,16487,85,21,262.52,12,35.86,349.28,1358.06,186,280,2023-04-05,1387.6
615,18443,809,93,268.66,15,26.4,681.69,2816.12,262,77,2024-01-01,5737.37
616,10790,90,20,246.26,12,6.74,589.21,3625.56,18,830,2023-05-20,9577.64
617,18865,357,85,65.06,18,62.88,366.98,3305.0,13,671,2023-01-08,3535.15
618,18342,337,98,199.57,18,29.45,635.46,2684.26,132,630,2023-06-09,4465.11
619,18314,956,31,396.69,18,80.35,346.0,3770.42,286,737,2023-03-08,4350.1
620,15451,281,92,417.23,5,16.32,400.3,4020.53,59,888,2023-11-21,2303.96
621,15385,460,83,351.44,12,23.94,291.59,397.89,252,396,2023-12-18,8557.07
622,19078,808,11,157.79,10,99.24,954.98,1430.69,334,575,2023-08-03,6152.38
623,11077,734,25,427.88,18,34.07,364.24,4989.73,181,935,2023-05-09,7628.13
624,15650,177,23,364.29,5,25.21,345.92,3952.16,311,686,2023-05-16,5040.38
625,11894,938,31,60.94,18,46.42,274.3,2848.34,140,864,2023-01-01,9735.98
626,19969,755,35,481.96,15,13.22,190.27,2412.89,180,636,2023-08-12,2602.62
627,19221,978,73,390.96,5,42.71,607.39,1685.29,475,294,2023-07-21,5700.16
628,10321,23,23,97.11,5,34.81,989.61,2026.97,86,845,2023-10-30,9647.25
629,10145,357,2,468.46,15,45.62,373.23,806.91,188,448,2023-02-18,6687.21
630,16009,853,89,282.93,5,51.06,195.54,3716.22,225,782,2023-06-02,3603.32
631,12027,25,65,189.8,18,88.99,899.25,1437.48,123,890,2023-05-01,189.86
632,17461,556,45,249.89,10,90.38,300.97,4345.09,275,715,2023-05-18,9056.03
633,16787,685,34,145.71,18,61.37,484.74,183.02,127,323,2023-12-25,3623.03
634,14077,412,18,331.24,10,6.04,950.01,3041.11,203,613,2023-04-27,1489.35
635,14383,563,96,438.26,18,54.89,253.65,3595.7,374,698,2023-12-23,3354.01
636,16092,367,51,99.44,12,56.49,561.57,3649.65,496,180,2023-03-19,2360.02
637,15173,249,88,477.65,15,40.55,214.27,2563.46,118,52,2023-10-16,4215.98
638,12377,161,92,419.01,5,34.71,163.1,3138.6,23,869,2023-08-21,5463.78
639,11645,56,50,467.96,10,10.01,295.56,1278.18,294,771,2023-08-03,8585.41
640,11879,971,82,30.66,10,71.27,136.49,782.74,467,780,2023-01-02,132.39
641,12188,696,21,32.19,10,71.63,640.38,1985.26,464,601,2023-03-03,1227.77
642,14323,607,80,26.09,5,56.9,172.09,2650.41,201,795,2023-04-22,8897.79
643,10469,768,83,270.97,10,46.88,191.23,4776.42,344,463,2023-02-04,6246.01
644,17925,171,83,188.48,10,11.07,544.79,3296.46,369,850,2023-08-04,5565.99
645,18650,901,55,416.68,12,99.93,400.81,2989.98,195,620,2023-08-21,3977.75
646,11231,321,28,173.32,18,71.53,518.61,2565.57,157,408,2023-05-16,2353.33
647,18805,574,62,488.56,18,20.57,274.01,1146.11,414,546,2023-06-03,4498.7
648,12537,494,69,407.19,10,10.16,719.5,1381.85,10,547,2023-02-23,5248.44
649,13848,706,15,109.72,18,64.23,930.6,601.68,71,612,2023-01-14,4979.68
650,16461,463,15,467.89,18,62.12,282.32,4123.87,37,27,2023-09-19,8942.25
651,12504,202,55,279.98,15,50.11,348.46,4067.58,345,313,2023-05-30,6286.96
652,17045,130,74,137.41,10,92.78,241.83,1239.98,452,504,2023-04-22,6459.62
653,19350,309,17,272.15,5,65.9,869.44,4726.4,248,318,2023-10-10,5714.85
654,15595,166,64,163.22,18,71.73,476.74,4602.96,159,968,2023-02-13,6654.97
655,17858,125,86,102.2,15,97.13,643.87,2166.74,315,729,2023-11-29,4679.65
656,10033,403,93,111.63,18,31.06,992.37,2153.72,303,985,2023-10-07,5323.91
657,15073,198,58,36.67,12,54.23,609.63,4203.09,25,676,2023-09-26,1056.51
658,11890,453,10,250.96,10,98.09,817.56,2214.05,200,722,2023-09-26,4245.39
659,13406,371,89,254.43,10,64.99,437.57,2271.12,438,982,2023-03-13,6751.98
660,16333,742,85,430.98,12,35.3,953.59,2843.07,461,945,2023-11-07,2476.45
661,14350,357,91,233.28,15,80.18,175.23,424.17,278,928,2023-12-29,7100.32
662,13984,930,67,266.77,5,39.25,693.36,1324.64,52,745,2023-06-11,280.42
663,14413,738,50,465.26,5,40.3,292.84,3201.93,47,798,2023-12-21,6408.08
664,17226,690,93,306.95,5,60.89,285.04,1515.64,407,870,2023-12-30,8974.66
665,12331,830,70,60.38,15,52.01,347.5,209.43,207,243,2023-11-24,4568.4
666,16518,820,83,445.58,5,42.35,404.92,2240.32,211,753,2023-05-31,677.93
667,11720,616,93,94.73,15,78.66,883.63,1362.32,453,840,2023-09-14,9626.28
668,19254,388,65,182.89,18,84.23,114.11,306.24,473,441,2023-07-26,5703.54
669,16558,155,60,236.9,12,36.6,761.3,1410.93,216,408,2023-01-10,3106.88
670,11550,242,79,78.84,15,2.77,986.4,1422.53,430,826,2023-08-18,6642.87
671,13588,476,86,303.88,5,41.08,482.76,2402.32,252,879,2023-11-19,9567.71
672,12081,364,25,250.21,5,83.99,432.11,3568.06,210,132,2023-09-22,8066.06
673,11730,479,45,337.78,18,41.0,407.22,3633.06,119,311,2023-01-10,8797.69
674,11585,889,13,499.5,18,33.16,833.03,4846.41,6,672,2023-04-09,1992.67
675,18250,884,61,233.37,10,4.17,335.33,2526.29,131,323,2023-08-05,6777.29
676,16267,843,37,318.74,5,16.79,493.28,2222.52,31,713,2023-04-12,2216.41
677,18430,293,95,414.3,10,97.75,222.16,3895.75,292,925,2023-09-29,2477.63
678,16699,799,43,165.78,15,93.47,116.3,1001.01,483,169,2023-11-13,342.19
679,11396,443,64,76.03,5,67.64,423.36,3212.67,123,700,2023-11-17,7647.34
680,16940,390,5,38.39,10,33.64,653.1,785.13,134,309,2023-12-14,1396.22
681,16863,671,91,38.9,5,93.6,937.52,1315.1,145,937,2023-01-06,9767.14
682,19018,704,7,47.37,5,43.47,129.87,1989.66,293,97,2023-08-07,4228.27
683,18381,559,89,36.01,12,60.18,776.28,2338.51,173,14,2023-10-26,9504.58
684,19530,916,39,318.0,5,35.39,979.18,4010.32,91,941,2023-07-05,7417.58
685,15023,227,43,25.3,5,51.67,984.51,3100.8,150,335,2023-11-20,3311.84
686,15714,999,35,470.47,18,95.08,471.3,3311.58,304,832,2023-11-14,9462.06
687,17591,50,99,353.46,18,95.48,585.23,2345.96,453,948,2023-10-01,9578.46
688,11638,169,17,436.41,10,57.82,280.8,3533.54,186,636,2023-07-29,5937.46
689,12048,507,34,209.02,15,11.9,887.64,1080.37,246,995,2023-10-29,9867.22
690,11000,67,9,185.07,12,66.03,231.32,910.61,385,386,2023-11-01,9638.8
691,17784,480,33,314.19,18,77.98,401.65,136.19,382,886,2023-08-26,6066.99
692,12274,613,33,467.61,5,16.26,904.89,3851.33,67,231,2023-04-20,2868.52
693,12432,966,81,330.34,5,87.27,535.53,2903.42,67,100,2023-01-29,9110.43
694,19068,160,2,262.57,18,88.98,619.57,843.76,284,48,2023-12-19,6528.83
695,11365,689,45,43.14,5,45.42,125.93,534.53,199,787,2023-03-26,6196.98
696,18881,640,77,285.61,12,20.36,96.87,4537.4,207,53,2023-11-21,8360.88
697,16727,52,95,429.27,5,58.16,361.72,3394.02,472,907,2023-02-28,687.81
698,18223,320,23,425.18,10,91.08,559.59,4985.08,350,517,2023-06-10,896.94
699,13168,331,63,64.57,5,16.84,608.28,3750.97,332,901,2023-03-13,1805.77
700,16155,23,98,402.65,15,11.99,795.06,1042.33,486,218,2023-04-06,9959.23
701,15291,891,32,337.03,18,51.62,451.04,4830.39,112,421,2023-04-14,8260.66
702,11599,297,27,170.96,15,47.25,439.22,908.15,62,352,2023-07-03,6391.74
703,11577,487,89,372.96,18,45.01,673.15,3898.95,355,835,2023-05-26,6065.67
704,17760,809,77,482.81,5,22.33,541.02,1018.52,313,578,2023-05-30,4988.21
705,15634,222,78,358.03,12,61.34,726.7,3199.19,298,86,2023-11-14,975.91
706,10918,145,69,207.22,18,95.25,772.05,1887.31,140,151,2023-02-23,6275.72
707,19482,280,17,269.0,5,52.9,916.9,799.06,455,235,2023-10-29,9932.11
708,10286,293,94,10.54,5,36.81,197.72,674.24,183,228,2023-12-21,8170.24
709,18446,264,80,423.62,18,38.11,339.79,996.5,328,461,2023-06-20,5023.38
710,16394,217,95,89.91,18,95.61,650.58,3943.11,475,235,2023-05-19,2161.24
711,15708,839,87,52.66,15,56.26,695.34,1361.35,332,935,2023-01-12,3905.86
712,16108,295,88,68.03,12,72.11,742.69,2153.81,338,352,2023-09-06,4343.66
713,12718,325,57,214.37,5,19.54,340.64,3329.39,41,994,2023-04-26,8489.58
714,19984,704,51,203.8,12,41.36,381.29,2759.43,442,162,2023-01-03,6927.63
715,16443,600,75,177.26,12,49.13,795.71,2998.49,193,183,2023-05-03,7937.42
716,10694,197,1,20.11,5,54.88,392.13,4070.77,71,207,2023-05-19,2014.06
717,12538,330,99,493.96,5,52.14,438.62,3032.34,347,24,2023-12-19,5126.05
718,18701,75,96,38.64,18,74.43,100.23,1230.7,375,909,2023-07-27,7394.44
719,14270,761,52,361.89,5,40.36,464.78,4418.89,379,684,2023-05-28,2065.94
720,18604,244,24,316.87,10,88.98,730.21,1753.41,472,191,2023-09-24,1941.73
721,15554,120,10,165.42,15,74.96,254.16,1099.29,351,966,2023-05-19,5581.57
722,17359,509,49,362.86,18,66.18,974.53,4072.35,286,343,2023-10-24,1723.68
723,10875,135,61,244.52,10,94.0,148.39,3260.62,186,685,2023-11-20,4389.09
724,12411,527,58,163.07,5,15.63,249.65,3209.35,239,353,2023-11-03,6193.72
725,10829,463,27,141.04,18,16.26,92.36,3382.71,292,157,2023-04-10,9220.87
726,18815,42,52,159.13,18,95.8,381.22,2143.06,283,546,2023-03-01,6919.56
727,11740,914,99,472.87,5,34.94,606.62,3024.37,451,140,2023-01-17,435.6
728,10129,514,35,210.04,5,68.58,185.89,2582.77,100,604,2023-06-22,8025.94
729,13477,502,71,356.85,15,70.88,678.6,2333.63,269,170,2023-02-17,5614.71
730,11448,594,82,151.6,10,37.43,739.03,4377.58,86,611,2023-11-07,8453.75
731,10423,350,78,278.7,10,97.68,592.42,2608.62,260,60,2023-07-04,8480.8
732,11100,976,47,454.85,15,13.6,203.17,2497.85,251,420,2023-12-09,1943.81
733,13401,85,50,349.69,5,77.56,611.82,4727.11,52,919,2023-03-24,3962.99
734,14549,258,91,334.26,18,91.02,632.88,4413.05,318,416,2023-06-07,349.06
735,15626,379,66,426.5,18,78.08,805.45,4267.91,57,728,2023-07-14,5728.13
736,14418,496,53,217.91,5,60.17,197.13,374.17,430,710,2023-02-11,6004.07
737,17790,296,40,75.41,5,65.4,468.9,4366.39,496,774,2023-09-09,4260.64
738,15492,378,8,96.97,18,13.5,201.5,1081.22,28,777,2023-01-24,8358.07
739,14334,494,42,487.4,10,88.77,247.78,4132.02,98,512,2023-10-18,5783.19
740,10625,394,16,109.5,5,51.08,756.9,2432.46,173,592,2023-05-01,3703.56
741,17504,953,75,454.5,10,34.59,402.58,2448.37,319,86,2023-03-17,4360.54
742,19548,494,2,42.22,10,99.96,866.0,4950.04,317,759,2023-03-31,6394.15
743,15848,236,22,448.74,5,78.61,628.76,4017.44,321,722,2023-08-04,3118.7
744,11507,202,96,484.95,10,23.91,852.2,4587.94,118,973,2023-06-02,3190.35
745,19662,106,26,84.83,18,3.6,889.85,4287.05,275,744,2023-10-11,9021.15
746,10096,965,55,343.08,18,87.53,271.92,3869.98,120,619,2023-03-15,4758.32
747,13171,946,47,368.68,12,94.6,524.44,1379.16,415,331,2023-01-28,8257.57
748,11820,526,50,80.93,5,80.25,168.04,3994.11,43,336,2023-07-22,6385.83
749,13434,431,23,332.33,18,73.9,524.03,4359.7,50,737,2023-08-30,742.76
750,15120,102,79,438.92,15,99.75,648.85,1052.1,188,206,2023-04-07,6371.23
751,12133,363,9,115.68,15,1.21,886.02,1407.93,208,797,2023-02-05,7698.95
752,10772,97,41,15.76,12,10.56,465.7,1110.24,20,479,2023-01-11,4730.41
753,17986,571,27,485.79,12,44.73,304.3,2863.02,296,759,2023-12-05,1369.73
754,16773,533,68,173.53,5,58.08,491.65,583.07,266,117,2023-05-27,9317.63
755,11539,779,17,335.92,18,5.75,510.69,1101.18,399,162,2023-01-23,8984.33
756,12430,850,73,67.65,12,11.3,913.47,4435.55,194,530,2023-12-15,2476.88
757,17683,247,66,247.8,15,74.39,232.24,3139.08,313,194,2023-08-26,3877.88
758,11238,436,75,238.8,5,86.81,807.48,596.3,283,432,2023-06-14,9073.66
759,15238,798,67,454.26,12,27.76,722.11,4568.02,281,23,2023-05-09,1946.9
760,13263,919,20,288.4,18,1.95,544.85,4291.63,203,170,2023-01-09,5228.09
761,11033,978,6,183.22,15,39.98,88.53,3931.43,117,5,2023-04-29,2978.82
762,12257,247,18,125.42,18,32.43,903.59,3194.05,449,170,2023-05-02,8087.27
763,12699,953,35,311.72,18,28.0,559.75,168.4,375,892,2023-03-27,8385.85
764,18139,231,42,292.08,10,38.91,221.77,879.15,172,449,2023-05-30,3309.51
765,11494,91,39,366.46,10,70.78,715.81,557.04,215,693,2023-07-02,8194.89
766,15688,699,92,218.42,10,57.2,923.3,3143.08,4,535,2023-01-02,9268.76
767,13963,365,28,142.52,15,87.19,180.74,2419.57,270,989,2023-11-30,9788.47
768,18596,278,92,96.1,12,2.79,748.05,2634.94,56,103,2023-08-02,2283.96
769,12872,433,37,404.97,5,15.36,466.86,2128.61,190,784,2023-02-01,8486.65
770,14430,566,3,454.99,18,99.24,833.57,978.52,95,747,2023-04-28,7144.28
771,19412,496,28,462.81,15,11.34,196.19,3805.34,263,973,2023-08-16,9337.64
772,10774,599,40,260.84,15,9.36,69.21,3580.1,126,957,2023-06-13,5172.82
773,14767,662,19,152.41,12,1.03,593.06,4064.66,60,152,2023-01-11,8414.79
774,14069,80,85,349.3,18,70.01,547.95,4205.12,453,428,2023-05-30,9397.76
775,13775,97,77,257.3,12,24.07,992.12,337.33,414,946,2023-09-15,8249.42
776,15951,917,97,192.79,12,8.68,397.29,3886.58,464,868,2023-07-21,7089.62
777,15525,111,83,381.73,12,55.67,123.33,721.16,259,715,2023-01-19,6384.01
778,19865,51,10,12.97,15,72.32,569.56,657.94,458,381,2023-09-15,9549.88
779,18991,151,10,37.11,5,56.19,877.94,1680.57,94,550,2023-09-18,5443.63
780,17216,105,49,191.02,10,31.82,404.95,3090.49,59,675,2023-01-30,322.61
781,19628,721,50,72.15,12,57.19,497.95,2360.69,223,172,2023-11-28,9661.52
782,19411,494,59,270.42,12,91.35,756.79,3435.51,300,406,2023-06-06,961.96
783,14875,719,57,450.32,15,44.51,184.93,4862.28,446,460,2023-03-30,4788.05
784,14371,384,90,75.39,18,92.79,103.93,2795.28,295,806,2023-07-01,437.46
785,18733,573,43,255.89,5,45.33,806.69,1173.48,31,64,2023-02-16,1655.28
786,14027,155,14,264.42,18,10.68,233.17,342.09,234,797,2023-11-25,7603.56
787,13625,781,16,237.22,10,27.06,435.7,2394.42,496,429,2023-08-31,7541.16
788,10528,759,86,340.0,18,96.1,778.9,2778.35,236,866,2023-10-22,2796.61
789,10624,664,83,268.81,5,75.53,505.66,2027.36,381,576,2023-08-04,4854.45
790,17464,668,82,332.12,12,83.5,581.94,2798.38,466,887,2023-10-14,5652.46
791,18856,47,17,321.48,5,57.55,290.97,3300.08,404,621,2023-10-06,5876.05
792,16494,239,11,24.4,18,73.94,786.04,4494.66,96,819,2023-03-30,1710.42
793,17196,678,99,39.13,12,63.19,139.6,935.31,339,900,2023-06-28,3626.35
794,10251,798,95,53.63,10,2.96,261.84,900.32,66,50,2023-08-23,9480.0
795,15190,825,15,408.72,18,53.38,929.01,495.2,417,15,2023-09-13,6462.79
796,10924,257,36,409.42,10,59.46,815.43,2870.74,165,5,2023-02-15,6659.35
797,12799,757,29,304.53,18,16.9,735.34,3134.25,167,913,2023-08-07,370.86
798,10736,66,2,143.07,15,89.72,204.24,4915.6,389,103,2023-12-07,4023.48
799,14005,282,47,175.33,15,58.0,585.89,1209.36,210,722,2023-02-24,9457.37
800,18797,425,41,45.31,18,33.44,463.06,3283.3,289,806,2023-03-07,8377.73
801,10259,371,40,154.44,12,95.22,112.4,2022.51,188,822,2023-05-25,6760.15
802,19878,11,71,391.76,15,42.69,320.39,4141.43,128,957,2023-08-22,3027.84
803,17587,774,43,231.78,10,96.71,686.46,2258.09,11,619,2023-09-24,2041.84
804,15355,432,54,135.46,12,95.65,404.68,3731.39,20,621,2023-02-09,248.31
805,15733,277,12,163.8,15,79.59,278.14,1202.18,354,824,2023-02-16,8204.61
806,16389,765,52,455.36,18,74.98,991.54,3791.49,380,478,2023-09-16,4773.18
807,10278,273,23,20.94,12,62.73,725.37,684.66,239,915,2023-05-31,2284.8
808,11968,734,48,423.96,12,55.37,293.89,1742.89,302,517,2023-08-13,1427.08
809,13961,472,73,265.95,5,19.69,676.56,2776.58,168,345,2023-03-21,8762.58
810,14606,96,2,181.35,15,1.43,182.76,3874.48,442,674,2023-01-28,3938.47
811,12285,147,3,315.55,10,41.76,54.29,2627.19,238,962,2023-07-13,9734.06
812,16540,88,30,216.78,18,75.09,882.09,3144.01,482,295,2023-06-26,774.27
813,18337,935,94,168.06,10,89.08,611.54,1993.34,64,61,2023-02-14,5533.26
814,13021,257,70,288.09,10,59.26,724.43,164.31,377,495,2023-02-22,886.54
815,13004,49,70,314.7,18,35.77,94.5,2241.95,443,296,2023-10-10,2387.61
816,19114,421,43,470.84,12,67.9,988.24,3402.17,248,659,2023-01-21,3253.75
817,19026,542,38,290.71,18,57.52,824.69,3472.52,191,630,2023-12-21,3979.17
818,13061,831,2,44.5,10,24.0,890.46,4581.87,126,229,2023-03-19,3357.85
819,13255,551,95,221.25,10,12.44,384.24,4088.54,223,124,2023-02-17,9779.08
820,14972,691,16,430.25,12,20.86,720.25,4368.23,449,866,2023-01-19,1279.5
821,17408,765,3,472.4,12,52.51,108.75,1129.0,345,643,2023-08-04,6336.62
822,14875,569,88,325.31,15,26.15,952.46,3143.35,367,36,2023-02-23,7643.65
823,17278,158,50,20.97,18,3.78,737.98,1505.64,194,300,2023-01-13,5288.6
824,11050,990,46,461.15,12,4.45,131.0,1937.89,387,802,2023-05-27,8575.64
825,14986,702,82,29.16,10,89.5,104.43,3597.4,439,694,2023-03-05,8107.16
826,10652,708,3,64.75,12,56.23,810.16,2131.24,202,249,2023-11-22,428.44
827,19724,435,65,155.02,18,30.03,139.17,3971.57,108,226,2023-05-15,3996.95
828,10570,886,5,241.85,5,4.95,488.55,2568.43,209,123,2023-07-04,8482.93
829,19887,951,97,105.68,12,45.95,577.63,2436.84,237,642,2023-03-27,572.93
830,19456,718,62,491.26,10,84.74,959.81,3553.61,353,849,2023-01-04,4421.07
831,18270,43,17,153.76,18,1.98,724.62,3219.03,184,637,2023-09-08,8479.83
832,17869,461,86,159.7,10,46.51,806.52,2955.26,22,923,2023-08-23,8611.63
833,16627,920,86,140.63,18,2.87,574.76,4275.67,340,809,2023-08-21,6180.13
834,12790,167,65,328.26,15,10.33,223.98,1029.02,215,76,2023-03-23,9865.96
835,19047,850,49,224.19,10,77.42,224.99,3696.47,256,855,2023-04-18,5461.51
836,17620,428,84,67.96,15,20.74,268.38,1025.16,289,130,2023-12-28,9222.88
837,19168,663,46,74.97,12,26.7,299.03,1326.24,445,112,2023-01-11,5826.17
838,17715,111,7,435.99,15,49.18,718.43,2806.4,163,656,2023-03-16,1846.88
839,16246,827,36,460.47,18,40.9,944.41,1778.69,92,270,2023-09-02,8505.16
840,12668,524,17,406.07,12,34.0,415.04,1012.2,251,759,2023-02-20,8603.05
841,16541,940,23,78.34,18,54.18,154.93,1164.58,348,522,2023-03-10,6770.42
842,19588,91,13,469.77,18,65.39,146.74,844.7,278,658,2023-01-24,9431.25
843,11299,100,15,244.01,12,56.38,257.69,4863.26,372,715,2023-01-21,9970.86
844,17762,240,32,240.71,18,12.34,987.28,2415.44,159,998,2023-05-17,1816.66
845,16793,777,2,318.34,15,86.25,923.13,3400.34,135,114,2023-11-28,611.31
846,19502,791,9,100.61,10,57.72,796.23,2810.39,131,373,2023-11-11,6454.14
847,12849,160,2,201.41,12,92.49,468.66,4305.89,197,798,2023-06-08,7077.24
848,11092,509,46,296.32,15,80.85,526.58,544.23,36,40,2023-02-11,4880.1
849,16223,830,72,211.04,5,28.46,463.25,3345.76,71,421,2023-06-26,6730.45
850,18317,690,65,458.03,15,37.27,396.11,2960.72,366,195,2023-06-24,3354.15
851,16713,369,39,311.38,15,3.06,441.01,393.47,409,879,2023-04-14,8699.7
852,17500,664,36,205.02,10,60.17,420.27,236.36,318,61,2023-05-06,7207.81
853,11179,332,7,479.79,15,18.27,271.23,4390.69,332,969,2023-11-28,9482.78
854,11199,593,97,12.5,10,76.7,149.49,376.92,74,963,2023-11-05,2700.61
855,11634,486,71,477.26,18,65.31,310.18,3616.72,116,572,2023-11-20,2255.7
856,17081,437,70,206.23,10,15.23,358.57,1307.37,32,45,2023-03-29,1479.95
857,19153,236,90,287.3,5,9.72,153.85,1803.19,153,140,2023-06-11,8070.79
858,13267,579,18,197.83,18,88.78,470.24,704.94,208,137,2023-10-26,4509.32
859,15450,395,91,302.34,12,61.85,905.86,293.04,36,904,2023-07-28,878.03
860,12855,22,60,50.45,5,54.28,131.71,2937.53,44,462,2023-04-28,1790.7
861,16336,680,45,196.19,12,82.52,840.19,539.2,398,434,2023-08-05,9900.6
862,14995,440,1,38.54,18,28.16,659.26,3743.68,284,874,2023-03-31,2705.71
863,11018,120,4,260.53,18,75.73,353.22,4835.24,407,461,2023-09-18,4114.97
864,14897,905,67,73.83,10,97.46,989.42,1191.01,345,682,2023-12-21,9139.44
865,15735,157,80,123.33,12,4.44,547.52,1325.04,370,34,2023-01-24,1177.29
866,13946,760,87,11.7,12,6.37,608.89,3101.78,158,146,2024-01-01,7569.13
867,15328,162,47,372.12,18,58.93,572.79,1099.34,6,692,2023-09-09,9832.68
868,11075,226,93,217.61,15,97.88,562.33,1996.24,417,191,2023-11-25,6667.73
869,11996,860,71,472.16,12,99.05,292.66,420.55,396,194,2023-01-07,2175.79
870,15289,312,19,180.29,15,46.52,522.27,1795.66,202,842,2023-04-24,1128.72
871,15934,425,80,315.83,10,97.89,69.24,2979.56,407,388,2023-07-17,9325.64
872,13390,324,18,323.63,18,12.57,836.06,4071.46,341,304,2023-10-21,3351.47
873,13383,412,46,368.85,15,2.49,737.41,1106.49,47,756,2023-10-05,8008.85
874,16851,268,31,156.47,12,28.29,889.39,106.47,365,317,2023-01-27,6841.02
875,13478,781,90,390.77,15,97.08,509.13,1966.13,393,290,2023-06-20,3841.62
876,17792,655,76,160.53,5,97.14,402.67,3621.54,309,195,2023-11-26,8167.52
877,18357,858,31,419.28,5,99.37,370.96,1175.52,102,111,2023-11-21,1458.43
878,14947,809,77,416.14,15,23.58,333.75,162.67,264,301,2023-11-13,5522.29
879,15692,563,73,279.23,18,59.98,524.37,811.17,169,186,2023-07-03,6745.54
880,16263,6,51,224.04,10,18.89,474.54,776.82,418,462,2023-05-26,2422.87
881,16556,909,86,158.54,12,56.08,952.09,2467.41,45,623,2023-08-29,1652.31
882,19795,382,27,470.15,15,90.58,453.19,602.74,28,54,2023-01-18,5195.34
883,14827,546,9,270.9,5,29.85,845.79,2326.19,326,411,2023-05-04,2914.48
884,11780,941,40,58.21,15,61.8,558.32,3196.91,353,243,2023-07-18,4505.72
885,11862,127,1,163.81,5,35.33,243.32,4617.64,149,634,2023-11-04,5637.48
886,14210,706,51,328.72,18,73.11,239.29,327.6,354,686,2023-09-26,2338.67
887,13597,672,50,250.77,5,69.95,360.02,1046.51,181,592,2023-10-27,2442.51
888,10572,684,31,278.17,12,53.35,266.84,4465.97,175,807,2023-05-26,8095.49
889,17897,538,91,280.48,5,13.97,387.36,4512.46,291,889,2023-04-14,8885.51
890,13309,904,75,183.93,12,81.34,919.62,204.01,493,580,2023-04-10,7615.69
891,11873,6,4,295.22,15,29.36,382.32,598.12,251,73,2023-10-11,101.29
892,14324,41,39,254.33,5,64.73,720.11,4920.29,334,84,2023-04-19,9711.98
893,16813,7,84,321.07,5,40.83,118.2,1875.11,453,642,2023-04-01,6907.06
894,15227,584,83,484.16,12,72.57,722.07,3754.07,160,304,2023-09-18,4086.36
895,15971,120,13,213.2,18,23.52,350.11,3891.73,427,804,2023-09-30,7340.54
896,16453,880,66,24.19,15,71.31,739.86,2382.86,125,225,2023-04-27,6476.53
897,12946,42,2,149.56,15,20.02,848.7,3051.91,430,436,2023-06-25,8126.93
898,16187,379,83,252.12,12,13.51,232.47,4102.89,16,498,2023-02-10,6713.46
899,16543,327,89,112.01,15,18.98,513.7,868.68,119,83,2023-01-06,8768.5
900,11730,338,32,402.43,18,4.74,658.78,2160.53,337,157,2023-06-20,7385.76
901,19912,140,35,287.58,5,26.34,511.32,1852.37,62,582,2023-07-13,2207.19
902,17187,829,58,297.23,5,48.31,238.91,2981.68,236,532,2023-07-10,6540.01
903,12809,911,29,364.55,5,5.77,281.63,2796.24,120,578,2023-06-02,2665.61
904,13230,356,25,65.05,10,90.78,921.64,4660.06,159,440,2023-04-21,6646.97
905,16598,76,20,267.86,10,25.79,282.86,144.72,145,269,2023-09-23,6035.43
906,11864,432,18,282.12,12,78.02,208.54,4796.99,31,516,2023-12-17,4556.1
907,14992,224,3,89.47,18,85.9,438.03,1509.44,134,101,2023-01-21,6414.25
908,10390,279,91,35.17,15,56.38,330.8,3356.93,347,13,2023-04-21,1710.17
909,14416,566,48,362.16,18,35.02,357.09,3088.11,388,137,2023-08-15,9595.41
910,15416,639,71,355.95,18,14.76,322.65,650.83,24,134,2023-09-30,3034.86
911,16984,820,85,150.18,18,53.04,161.92,3686.53,376,18,2023-10-05,3281.02
912,17236,904,55,61.06,10,19.79,396.31,3303.25,118,73,2023-10-07,8636.0
913,10687,899,34,289.58,15,22.81,282.46,3688.35,324,973,2023-06-04,4471.62
914,19060,227,90,468.17,15,57.6,705.54,3594.01,280,279,2023-12-12,6219.42
915,18668,494,43,481.89,12,7.96,397.55,4177.83,107,620,2023-07-30,9378.2
916,12530,478,45,153.11,12,9.21,937.61,1786.7,45,518,2023-01-12,7204.49
917,19772,885,11,415.26,18,85.41,986.9,286.75,239,837,2023-01-18,3342.64
918,15269,246,93,316.51,10,5.0,425.46,3035.6,364,499,2023-05-02,4737.13
919,16538,483,76,300.83,12,82.79,702.52,1199.39,212,629,2023-06-02,8260.6
920,18002,285,9,49.92,18,75.09,647.63,3649.32,28,552,2023-07-09,1228.83
921,15985,165,50,324.73,15,19.35,869.49,2538.91,347,627,2023-12-02,2729.26
922,17421,548,73,168.33,18,75.37,163.57,1839.33,365,315,2023-10-04,5127.62
923,11101,507,94,170.12,5,67.8,169.22,1167.64,128,224,2023-10-03,1571.33
924,14284,112,55,334.72,5,22.92,946.57,2078.2,154,598,2023-09-21,5988.32
925,14250,916,47,270.12,18,33.75,406.5,2718.79,308,557,2023-05-02,237.26
926,13694,704,35,296.9,15,78.55,396.54,2674.0,216,800,2023-04-23,6458.12
927,18911,983,57,25.53,12,80.26,875.37,4518.29,104,518,2023-03-21,8004.79
928,18899,583,57,113.84,18,95.3,339.14,297.68,15,455,2023-04-28,2746.18
929,19437,85,97,442.25,15,11.33,531.45,138.68,33,723,2023-04-20,6466.42
930,19257,678,81,288.56,12,71.7,988.09,1009.96,139,712,2023-08-04,630.07
931,11078,191,39,451.64,10,96.93,991.55,2556.59,315,389,2023-04-07,5944.81
932,19685,37,45,42.22,5,98.54,191.53,789.33,346,768,2023-07-11,9902.4
933,10245,335,29,117.55,5,29.4,935.06,816.3,375,436,2023-01-21,933.83
934,12196,759,33,171.87,18,45.71,633.32,4451.89,316,531,2023-09-19,858.51
935,16189,759,93,413.3,12,48.5,844.45,1818.94,64,965,2023-01-18,3686.44
936,14941,267,39,192.19,5,3.16,424.81,1994.0,451,636,2023-07-28,4094.89
937,15103,202,39,231.45,18,5.52,919.83,1574.12,82,499,2023-03-27,2590.42
938,14073,416,69,278.36,10,51.24,150.77,1925.17,418,967,2023-11-11,7649.91
939,17136,115,24,302.4,12,21.07,217.85,397.93,112,636,2023-11-03,6682.92
940,18191,677,4,85.71,5,68.22,863.62,4022.73,2,934,2023-03-23,2823.81
941,10594,454,62,386.05,10,59.42,616.41,4127.72,387,240,2023-04-05,9331.67
942,18924,342,18,299.82,12,24.44,142.87,4740.27,429,898,2023-08-30,2118.16
943,10832,60,11,462.57,5,89.59,762.3,4603.95,431,175,2023-02-25,8820.19
944,17665,222,17,331.5,10,30.84,766.19,3352.77,339,266,2023-01-01,1150.22
945,16101,603,94,102.36,10,20.27,460.76,4599.39,277,775,2023-04-06,2517.45
946,18153,681,16,254.34,5,53.49,466.53,2568.82,69,446,2023-01-23,7594.22
947,13350,727,48,30.75,15,21.64,273.12,3054.33,130,368,2023-11-21,7282.16
948,13386,379,94,116.27,15,63.79,503.35,3872.15,289,259,2023-07-12,5878.14
949,14553,691,32,221.6,15,11.23,419.59,1401.75,65,104,2023-09-13,1214.61
950,15775,705,37,131.13,5,51.25,909.06,3989.55,259,474,2023-07-02,4771.15
951,15510,859,77,100.67,10,27.85,931.92,1222.23,191,302,2023-10-07,7021.36
952,19604,242,42,297.34,5,29.01,159.85,4969.47,293,249,2023-04-23,1820.94
953,12851,570,62,269.75,5,6.19,607.92,2674.31,498,662,2023-03-18,1121.31
954,15078,481,85,210.41,10,93.67,711.55,3074.72,80,393,2023-04-28,1259.34
955,16056,627,36,188.74,5,28.59,287.72,4456.11,321,771,2023-03-09,6986.98
956,16459,731,47,170.26,15,86.87,81.68,4557.48,484,40,2023-06-25,6308.24
957,14459,204,85,307.13,15,82.09,283.05,4327.35,54,600,2023-09-21,8382.65
958,19757,408,51,363.62,10,93.37,420.41,1924.26,398,48,2023-09-26,4370.26
959,17576,401,36,487.56,5,22.81,111.53,4620.72,407,759,2023-03-09,9283.23
960,18475,505,54,207.69,18,86.72,506.61,4421.32,417,170,2023-06-27,6661.46
961,17588,601,43,116.6,18,39.45,429.2,4392.07,464,697,2023-03-26,1963.89
962,14961,969,84,266.27,10,63.3,567.37,4921.28,94,639,2023-11-10,5459.06
963,19755,175,88,318.41,5,44.39,576.56,454.32,18,257,2023-06-28,8183.89
964,14523,205,90,80.74,15,61.54,829.52,3765.41,41,89,2023-07-11,4256.86
965,17045,410,99,393.98,18,46.48,681.18,3984.76,105,590,2023-07-15,4610.82
966,14204,27,87,308.93,18,53.61,622.24,4127.98,49,341,2023-11-17,2035.29
967,18969,749,44,188.77,10,26.66,582.91,3975.76,264,518,2023-03-13,1742.91
968,15868,986,94,153.96,12,22.59,474.16,920.53,375,99,2023-07-26,5231.73
969,16397,360,78,74.74,18,19.77,282.64,4609.18,112,478,2023-03-23,723.35
970,11823,153,58,320.55,10,77.44,123.6,4528.13,356,522,2023-03-01,6717.65
971,11610,339,61,356.06,18,6.73,507.3,1501.21,340,414,2023-07-03,1026.41
972,13773,523,22,296.8,15,5.42,145.83,4791.77,467,531,2023-10-06,7978.46
973,18333,985,77,484.33,10,91.25,293.72,4506.64,421,328,2023-01-12,8298.31
974,16900,372,60,90.72,5,25.95,601.91,2238.05,457,575,2023-04-06,9436.8
975,15401,747,36,266.11,12,75.03,775.82,4298.23,269,450,2023-01-04,6113.59
976,15538,314,2,420.81,15,50.74,335.49,4672.13,87,681,2023-09-28,2503.01
977,12643,881,54,99.5,12,35.69,594.32,4755.3,338,433,2023-02-06,4423.79
978,19993,601,68,261.96,15,59.46,841.88,4356.65,47,111,2023-11-13,7462.82
979,19309,351,33,286.57,10,50.06,62.7,2500.83,248,332,2023-12-25,970.82
980,11386,773,94,428.53,15,87.71,174.39,4074.29,157,57,2023-09-12,6532.22
981,11375,717,24,243.23,10,21.66,481.66,3065.99,491,59,2023-09-28,2852.95
982,14679,889,95,237.41,5,80.19,837.95,528.15,438,761,2023-06-04,3995.52
983,19436,329,97,226.55,18,58.83,653.47,4750.24,154,96,2023-11-19,8850.97
984,17726,92,36,407.55,18,70.69,718.5,808.86,88,319,2023-11-16,6943.11
985,18236,547,4,161.01,18,32.03,791.65,796.0,92,560,2023-11-11,1075.95
986,19288,394,99,386.29,10,89.57,342.46,2827.99,321,192,2023-10-28,8039.38
987,16902,969,69,351.41,15,75.9,956.04,3609.96,99,724,2023-12-28,5368.09
988,14281,411,4,157.38,5,35.58,361.69,3389.75,450,897,2023-08-28,8944.56
989,15426,890,2,433.21,12,23.11,230.26,981.85,214,602,2023-11-26,7071.67
990,11712,104,91,404.01,10,20.89,951.53,4294.33,112,604,2023-08-27,3851.92
991,11024,966,81,254.58,10,12.38,809.52,4202.65,22,990,2023-06-29,1081.52
992,14320,350,16,329.92,10,62.89,386.52,4832.93,23,312,2023-12-26,4926.17
993,16208,265,94,24.87,18,76.65,585.53,1415.5,431,775,2023-05-20,8029.34
994,16153,864,7,137.89,5,12.82,50.06,768.51,9,285,2023-07-24,6640.7
995,17233,491,10,244.43,10,76.77,447.54,1942.24,340,161,2023-11-28,6422.36
996,16214,687,20,325.99,12,42.26,705.63,802.75,35,513,2023-04-27,7872.32
997,11404,677,91,112.39,10,65.38,936.34,4826.22,142,390,2023-01-20,250.13
998,11147,147,73,105.42,12,75.74,749.24,3928.38,190,185,2023-01-20,2163.83
999,15495,528,99,15.33,10,33.71,481.71,3785.83,316,276,2023-08-15,1433.55
1000,10307,344,80,418.68,15,67.27,307.49,1875.65,130,37,2023-08-11,251.3
